campaign_id,platform,campaign_objective,industry_sector,influencer_partnership,team_experience_level,campaign_duration_days,daily_budget_kes,total_campaign_spend_kes,target_audience_size,creative_count,avg_engagement_rate_pct,click_through_rate_pct,previous_campaign_success_score,influencer_fee_kes,campaign_roi_pct
1,Facebook,Consideration,Retail,No,Expert,33.0,8249.0,268943.0,131281.0,2,2.446478461311485,1.87,38.4,,16.72
2,Instagram,Conversion,Retail,Yes,Expert,11.0,5929.0,62336.0,459747.0,8,4.939851237983738,4.04,40.2,60540.94600368641,68.21
3,TikTok,Consideration,Education,No,Intermediate,17.0,5013.0,86303.0,35501.0,3,3.434752581798044,2.85,32.3,,31.35
4,Instagram,Consideration,Hospitality,No,Expert,12.0,7437.0,94347.0,11423.0,11,3.624918231056561,2.6,52.6,,33.11
5,TikTok,Consideration,Hospitality,Yes,Intermediate,13.0,18957.0,232443.0,20197.0,4,4.272548797616889,2.02,25.6,21263.212496873723,39.04
6,Facebook,Awareness,Technology,No,Novice,13.0,5388.0,71413.0,21432.0,7,3.832326569934052,1.88,51.7,,17.71
7,Instagram,Conversion,Hospitality,Yes,Expert,24.0,6559.0,169408.0,41704.0,10,1.864800377907532,3.18,90.9,14591.895353755193,44.72
8,TikTok,Consideration,Retail,No,Expert,15.0,1868.0,27702.0,37688.0,2,,1.41,97.6,,33.61
9,Facebook,Consideration,Retail,No,Intermediate,9.0,1898.0,17486.0,22179.0,5,2.357042688362327,1.72,100.0,,13.53
10,Instagram,Consideration,Finance,No,Intermediate,18.0,3520.0,58602.0,26563.0,6,4.892229235463323,2.68,58.3,,29.8
11,Instagram,Conversion,Retail,No,Expert,8.0,3578.0,28326.0,190689.0,4,1.3757250958272325,1.09,48.8,,30.64
12,Facebook,Conversion,Finance,No,Novice,5.0,11482.0,49849.0,55624.0,4,2.808466244203297,0.33,29.7,,-5.73
13,Email,Awareness,Hospitality,Yes,Novice,13.0,1871.0,25367.0,242594.0,6,3.291090720646829,1.36,56.6,29809.60221864917,16.08
14,Google Ads,Awareness,Hospitality,No,Intermediate,21.0,19108.0,433038.0,72484.0,6,3.836556583071645,0.22,66.3,,16.67
15,TikTok,Conversion,Hospitality,No,Intermediate,25.0,1383.0,37211.0,23211.0,5,0.928967535525147,2.77,63.5,,22.38
16,Google Ads,Conversion,Retail,No,Expert,26.0,3278.0,84289.0,205631.0,4,1.7678481708649272,2.67,70.3,,24.0
17,Facebook,Conversion,Finance,No,Intermediate,11.0,7497.0,76918.0,114998.0,3,5.0042675716088745,1.08,88.7,,38.06
18,Instagram,Awareness,Education,No,Novice,22.0,12095.0,270028.0,34618.0,8,1.569585583921236,1.12,57.4,,12.34
19,Email,Consideration,Technology,No,Intermediate,26.0,10746.0,294579.0,28489.0,8,4.001638396321551,3.48,71.8,,40.73
20,Facebook,Consideration,Finance,No,Novice,12.0,5888.0,73661.0,126909.0,6,1.5576378314317272,1.7,36.0,,-1.36
21,Facebook,Consideration,Finance,Yes,Intermediate,3.0,4211.0,12813.0,28735.0,5,3.236024774472215,1.14,100.0,34389.6872739442,57.9
22,Google Ads,Consideration,Technology,No,Expert,20.0,12438.0,248026.0,115495.0,4,1.339178686604666,3.09,100.0,,63.6
23,Instagram,Awareness,Finance,No,Novice,7.0,25168.0,173366.0,131594.0,5,0.612083257319294,1.82,71.9,,8.77
24,Instagram,Awareness,Retail,Yes,Novice,19.0,7858.0,148638.0,71708.0,6,2.171553051830973,2.34,33.5,30528.464685098534,10.87
25,Facebook,Consideration,Retail,No,Expert,19.0,14983.0,280750.0,370391.0,3,2.585872871445749,1.53,74.8,,38.77
26,Google Ads,Awareness,Hospitality,Yes,Intermediate,22.0,6580.0,140794.0,49411.0,7,5.391620543458293,0.77,75.1,102218.00006675262,26.74
27,Facebook,Awareness,Retail,No,Intermediate,23.0,5144.0,124853.0,165901.0,9,2.7269670880283603,2.75,38.3,,26.54
28,Google Ads,Awareness,Finance,No,Novice,16.0,13411.0,201097.0,91360.0,2,3.7177927110501874,1.3,62.7,,21.53
29,Facebook,Awareness,Finance,Yes,Intermediate,5.0,11877.0,61025.0,99991.0,8,,1.92,60.7,139885.80312677033,10.56
30,Google Ads,Consideration,Technology,No,Expert,15.0,14889.0,209824.0,197082.0,3,4.482883808446246,0.02,44.8,,15.24
31,Google Ads,Consideration,Finance,No,Novice,7.0,6079.0,41096.0,119240.0,4,3.5595661625128283,2.19,62.6,,29.76
32,Google Ads,Awareness,Hospitality,Yes,Novice,6.0,30623.0,185812.0,102451.0,5,2.29377814811754,1.38,39.0,10805.23272729067,-7.64
33,Google Ads,Consideration,Retail,No,Intermediate,31.0,8688.0,262416.0,47348.0,6,2.3283388972593597,1.67,88.6,,31.44
34,Instagram,Awareness,Finance,No,Novice,13.0,5405.0,70656.0,69870.0,3,6.9949275438838585,0.02,68.0,,24.51
35,Google Ads,Conversion,Retail,Yes,Novice,9.0,13638.0,121123.0,141942.0,4,2.030640032693766,2.51,69.1,88588.56331095831,17.65
36,TikTok,Consideration,Finance,Yes,Intermediate,15.0,14809.0,224624.0,125082.0,3,5.354845161360346,1.91,52.0,177435.4375714111,48.22
37,Email,Awareness,Hospitality,Yes,Expert,12.0,4141.0,47939.0,83421.0,5,2.5682957685715673,1.09,93.5,39296.23971528557,32.25
38,Google Ads,Conversion,Education,No,Expert,9.0,5693.0,52824.0,210975.0,5,0.3865275630024514,3.13,59.5,,14.5
39,Email,Awareness,Retail,No,Novice,26.0,13605.0,346870.0,35884.0,4,3.914230671722108,1.97,100.0,,21.56
40,TikTok,Consideration,Education,No,Intermediate,3.0,4089.0,12532.0,95752.0,9,,3.75,57.4,,30.65
41,Google Ads,Consideration,Education,No,Intermediate,13.0,879.0,12622.0,157787.0,6,2.455163338502107,2.02,36.5,,22.72
42,Facebook,Awareness,Retail,Yes,Novice,17.0,10193.0,188899.0,23518.0,4,3.0682246445556816,0.02,69.5,114734.05608823163,13.48
43,TikTok,Conversion,Retail,No,Intermediate,20.0,4963.0,96260.0,10596.0,6,3.06486469170258,0.36,98.4,,29.35
44,Instagram,Awareness,Education,No,Expert,28.0,5973.0,166580.0,12100.0,8,0.9744158148645492,0.62,59.5,,2.14
45,TikTok,Conversion,Technology,No,Expert,5.0,6281.0,32130.0,118261.0,7,2.412760004900017,1.4,39.2,,13.94
46,Google Ads,Conversion,Education,Yes,Intermediate,7.0,15227.0,96425.0,369479.0,5,2.0781116514059934,1.77,56.1,26896.075597142848,33.74
47,Facebook,Conversion,Technology,Yes,Novice,3.0,4534.0,13724.0,192773.0,4,3.6840625389467068,3.41,67.7,30315.34733772174,47.37
48,Facebook,Awareness,Hospitality,Yes,Intermediate,24.0,9159.0,229308.0,9050.0,3,2.581432066500847,2.83,44.4,48969.31220791381,20.35
49,Facebook,Consideration,Finance,Yes,Novice,18.0,8281.0,155718.0,112548.0,3,3.446353458453536,0.74,78.8,98877.74455985554,3.47
50,Facebook,Conversion,Finance,No,Intermediate,11.0,2023.0,20835.0,10026.0,3,4.365913204119152,2.1,45.4,,44.74
51,Facebook,Conversion,Retail,No,Expert,4.0,7401.0,31027.0,97516.0,4,5.565738532123209,0.48,75.2,,47.94
52,Instagram,Awareness,Finance,No,Novice,6.0,10872.0,61745.0,50624.0,4,3.71561995459578,1.43,59.0,,9.36
53,Google Ads,Conversion,Technology,No,Intermediate,27.0,6371.0,171950.0,75017.0,3,2.7566061346663093,2.69,79.3,,40.85
54,Instagram,Awareness,Hospitality,No,Novice,13.0,4715.0,57490.0,108678.0,5,4.426613284817581,1.15,55.6,,2.5
55,Facebook,Awareness,Technology,No,Expert,11.0,19741.0,209671.0,116830.0,7,6.006535696477747,1.52,33.1,,14.81
56,Facebook,Awareness,Hospitality,No,Novice,6.0,22400.0,140416.0,38883.0,5,2.999291820176476,0.02,70.6,,6.8
57,TikTok,Conversion,Retail,No,Intermediate,23.0,3943.0,94182.0,285627.0,6,4.258617620277717,1.26,42.1,,26.15
58,Google Ads,Consideration,Hospitality,Yes,Expert,16.0,7065.0,105456.0,84310.0,8,3.658006759643194,1.74,28.5,25822.863032540845,30.63
59,Email,Conversion,Technology,No,Intermediate,20.0,9985.0,198981.0,70324.0,4,4.332060454569572,2.08,37.6,,29.1
60,TikTok,Consideration,Finance,Yes,Novice,5.0,5193.0,28643.0,18599.0,6,0.05,1.85,33.5,56924.85959911179,3.34
61,Instagram,Awareness,Retail,No,Expert,21.0,3264.0,66630.0,122806.0,5,3.704732578847805,2.43,62.9,,45.36
62,Facebook,Awareness,Hospitality,No,Expert,13.0,8178.0,101953.0,354655.0,6,3.2880413893604112,2.61,45.7,,37.63
63,Instagram,Consideration,Hospitality,Yes,Intermediate,10.0,6130.0,63235.0,64430.0,7,4.804365574427189,0.76,46.5,12087.370255649146,31.43
64,Email,Consideration,Finance,No,Novice,21.0,7200.0,149949.0,76834.0,11,2.5690713900850537,1.11,67.8,,4.94
65,TikTok,Awareness,Hospitality,No,Expert,28.0,9554.0,264497.0,121507.0,7,0.05,1.51,81.6,,-3.46
66,Instagram,Conversion,Retail,No,Intermediate,7.0,1156.0,8591.0,89434.0,4,1.4500842964706941,1.44,88.6,,15.92
67,Facebook,Conversion,Hospitality,No,Novice,18.0,3075.0,55898.0,56689.0,6,3.8304893058660205,1.97,79.4,,1.03
68,Google Ads,Consideration,Education,No,Intermediate,6.0,849.0,5541.0,109344.0,4,6.482860961338666,0.89,66.2,,40.79
69,TikTok,Conversion,Education,Yes,Intermediate,10.0,3429.0,32182.0,149339.0,5,5.48513698016545,1.21,52.8,52572.80635466339,36.14
70,Google Ads,Conversion,Hospitality,No,Intermediate,3.0,8849.0,26611.0,36634.0,5,6.017362589060738,2.47,53.1,,52.43
71,Instagram,Conversion,Hospitality,Yes,Expert,11.0,13883.0,160539.0,216713.0,4,1.5888264231594218,3.29,64.8,57649.17188508911,41.08
72,Instagram,Awareness,Finance,Yes,Expert,14.0,4613.0,64601.0,49168.0,5,4.534798762650603,1.5,34.0,60587.88703668573,32.99
73,Facebook,Consideration,Technology,No,Intermediate,4.0,16175.0,68298.0,39472.0,5,,0.74,24.1,,11.68
74,Instagram,Consideration,Hospitality,Yes,Novice,17.0,4266.0,75550.0,110101.0,5,1.6686023592154617,2.16,87.0,115865.06789755491,11.45
75,Instagram,Conversion,Finance,Yes,Intermediate,27.0,6077.0,154980.0,40231.0,7,4.155246845629417,1.54,75.7,50925.4904661673,39.73
76,Facebook,Consideration,Education,No,Intermediate,24.0,3270.0,81893.0,23975.0,4,2.408450062635697,3.49,70.8,,29.1
77,Email,Awareness,Hospitality,Yes,Intermediate,15.0,3327.0,52152.0,113500.0,5,5.5948425771459025,1.18,23.0,49103.30586431845,29.25
78,Email,Conversion,Finance,No,Intermediate,11.0,14330.0,156035.0,88095.0,5,2.305226031213519,2.94,68.7,,61.95
79,Facebook,Awareness,Hospitality,Yes,Intermediate,21.0,6849.0,145819.0,53384.0,6,3.154540357165848,1.22,71.0,32216.772959601618,2.45
80,Facebook,Consideration,Technology,No,Expert,43.0,1778.0,80463.0,94340.0,7,4.344542544756147,2.16,77.5,,29.01
81,Instagram,Conversion,Technology,No,Expert,23.0,6975.0,166882.0,57038.0,6,6.963054172615407,1.96,68.3,,58.19
82,Google Ads,Conversion,Finance,Yes,Novice,4.0,7330.0,32832.0,72455.0,7,6.200156430163008,0.02,66.3,63014.97824911304,38.66
83,Facebook,Conversion,Retail,No,Novice,11.0,2350.0,27752.0,44486.0,8,3.3870626173452663,1.11,36.9,,19.86
84,Instagram,Awareness,Hospitality,No,Intermediate,29.0,21675.0,646351.0,31422.0,5,1.6014065489890497,1.19,79.7,,-20.73
85,Google Ads,Awareness,Technology,Yes,Intermediate,13.0,5250.0,75424.0,83739.0,7,3.104820986058446,1.83,52.0,50565.10219898924,24.55
86,Google Ads,Consideration,Finance,Yes,Intermediate,4.0,4574.0,17362.0,46369.0,6,6.242643990976703,2.94,73.7,13555.41118157832,48.06
87,TikTok,Conversion,Hospitality,No,Expert,10.0,28002.0,267061.0,35127.0,4,0.05,2.26,65.0,,11.84
88,Google Ads,Conversion,Technology,No,Novice,16.0,6233.0,102433.0,304743.0,3,0.8196393046550781,0.1,34.8,,-11.92
89,Google Ads,Conversion,Retail,No,Expert,6.0,19343.0,111073.0,33919.0,5,0.05,0.52,91.5,,0.81
90,TikTok,Awareness,Technology,Yes,Novice,25.0,9203.0,215134.0,58107.0,6,0.39131008614954776,2.62,40.9,14963.230293156366,-14.86
91,Google Ads,Awareness,Hospitality,No,Intermediate,31.0,14467.0,444250.0,92461.0,8,5.526929221430539,1.45,83.9,,0.96
92,Instagram,Conversion,Technology,No,Novice,11.0,13212.0,157769.0,247642.0,2,3.483420953968762,2.45,56.8,,30.74
93,Facebook,Consideration,Education,No,Intermediate,34.0,8495.0,291206.0,66690.0,5,3.340461587399974,2.34,27.7,,-7.25
94,TikTok,Awareness,Technology,No,Novice,5.0,19911.0,105576.0,127296.0,8,0.8534323095916454,1.74,46.4,,33.87
95,Google Ads,Consideration,Finance,No,Expert,22.0,10465.0,243926.0,39616.0,5,4.436159533066872,1.75,33.5,,23.39
96,Google Ads,Conversion,Finance,No,Intermediate,8.0,6920.0,54092.0,18768.0,8,1.4960770369323129,0.27,87.5,,-2.14
97,Instagram,Consideration,Finance,No,Intermediate,15.0,1375.0,19732.0,142634.0,3,2.862613499658969,1.41,66.1,,15.71
98,Google Ads,Conversion,Technology,Yes,Expert,4.0,2552.0,10668.0,201474.0,6,1.0379545637377765,1.37,32.6,10753.018161515827,35.19
99,Instagram,Conversion,Technology,No,Novice,30.0,6155.0,182204.0,106083.0,4,2.2855604518312402,2.95,53.1,,37.31
100,Instagram,Awareness,Education,No,Novice,13.0,13727.0,169537.0,116432.0,3,4.126565813160857,0.64,24.5,,-12.92
101,TikTok,Conversion,Finance,Yes,Expert,41.0,1080.0,43239.0,178183.0,4,5.594515168331073,0.57,30.2,32936.495667171395,25.43
102,Google Ads,Consideration,Technology,Yes,Expert,3.0,14826.0,44538.0,83131.0,5,0.4785949952692219,1.01,40.3,36664.62203123414,26.63
103,Facebook,Consideration,Finance,No,Expert,12.0,8778.0,101555.0,296609.0,5,3.8680674295771245,2.33,86.3,,49.01
104,Instagram,Awareness,Retail,No,Expert,7.0,2665.0,17713.0,275506.0,6,0.6557395281126248,1.38,63.2,,17.1
105,Facebook,Consideration,Retail,No,Novice,13.0,6874.0,87812.0,201980.0,6,4.51734744097626,2.35,33.1,,40.69
106,TikTok,Consideration,Technology,No,Intermediate,19.0,4891.0,89863.0,84127.0,4,3.5452612223832016,2.05,55.2,,30.05
107,Email,Awareness,Finance,No,Expert,5.0,7896.0,37820.0,59635.0,4,1.8513188360162298,1.78,48.4,,20.11
108,Instagram,Consideration,Finance,No,Novice,9.0,3950.0,35734.0,25718.0,3,2.7446521979679064,3.95,53.4,,47.87
109,Instagram,Awareness,Education,No,Intermediate,58.0,11388.0,669298.0,25282.0,7,3.3139311626965355,2.17,66.5,,25.29
110,Email,Conversion,Retail,No,Novice,6.0,11360.0,65102.0,223262.0,4,3.2593438058017288,1.5,38.9,,3.06
111,TikTok,Awareness,Technology,No,Expert,26.0,19752.0,522907.0,94702.0,3,3.55814369992504,2.42,62.2,,39.37
112,Google Ads,Conversion,Finance,Yes,Expert,8.0,6626.0,54370.0,34996.0,4,5.329883642358926,2.15,58.7,61226.542397106175,66.11
113,Instagram,Conversion,Education,No,Novice,13.0,13251.0,187211.0,18346.0,4,1.131703148492048,0.87,63.4,,-16.31
114,Instagram,Conversion,Hospitality,No,Novice,16.0,8861.0,149442.0,31259.0,8,3.225106284015707,3.46,43.7,,57.64
115,Facebook,Consideration,Technology,No,Novice,14.0,9991.0,141120.0,116417.0,4,3.4073160635665074,2.28,50.4,,28.4
116,Email,Consideration,Hospitality,Yes,Novice,3.0,6481.0,19555.0,129818.0,8,4.655431223501684,1.25,32.0,27500.28945925812,24.2
117,Instagram,Consideration,Technology,No,Intermediate,21.0,10604.0,220464.0,203649.0,7,3.7584406046219243,2.92,56.0,,39.98
118,Google Ads,Consideration,Retail,No,Intermediate,10.0,12313.0,123866.0,220623.0,3,0.82426678869294,2.76,14.1,,28.59
119,Google Ads,Conversion,Technology,Yes,Expert,9.0,15219.0,138122.0,40561.0,5,3.5127185595098287,0.58,67.4,17471.94456861249,36.1
120,Instagram,Awareness,Finance,No,Intermediate,21.0,7804.0,154638.0,167879.0,4,1.8822725607293895,1.89,57.4,,19.22
121,Google Ads,Conversion,Retail,No,Intermediate,30.0,1652.0,49215.0,70996.0,6,3.6385370337164655,1.07,25.2,,30.73
122,Google Ads,Consideration,Education,Yes,Expert,31.0,12594.0,394495.0,112486.0,4,4.481417809619242,1.31,62.9,40956.977610548,25.75
123,TikTok,Consideration,Hospitality,No,Novice,7.0,2134.0,13751.0,64388.0,5,2.363353771856425,3.17,45.7,,19.07
124,TikTok,Consideration,Finance,No,Intermediate,4.0,17853.0,76579.0,209035.0,5,4.383166666313449,3.15,64.6,,39.35
125,Email,Awareness,Hospitality,No,Expert,34.0,14573.0,509211.0,85651.0,3,3.2124417585788123,2.61,39.9,,28.17
126,Email,Conversion,Hospitality,Yes,Intermediate,19.0,4712.0,87743.0,156847.0,3,3.331961917617524,2.41,49.9,26398.905853572604,48.42
127,TikTok,Conversion,Retail,Yes,Intermediate,19.0,12294.0,232636.0,10904.0,3,1.7385776736565377,2.75,38.7,5000.0,25.48
128,Instagram,Awareness,Finance,No,Intermediate,14.0,8971.0,125586.0,182098.0,4,1.929977882299145,1.01,59.7,,-7.4
129,Facebook,Conversion,Technology,No,Expert,45.0,1793.0,79741.0,154670.0,5,2.8310030748118455,1.12,85.6,,28.57
130,Email,Awareness,Finance,Yes,Intermediate,30.0,5834.0,180049.0,137782.0,5,0.6615702154587342,0.75,90.1,33213.65122530284,15.94
131,Instagram,Consideration,Hospitality,No,Expert,20.0,6155.0,115409.0,52896.0,3,2.286093896511284,0.92,51.9,,20.31
132,Facebook,Conversion,Finance,No,Intermediate,3.0,4500.0,13181.0,151653.0,1,5.181741475080814,2.8,73.2,,69.44
133,Email,Awareness,Finance,Yes,Expert,13.0,1406.0,17885.0,77619.0,4,4.920475958233667,2.37,40.1,122876.47614418366,50.42
134,Instagram,Awareness,Retail,Yes,Expert,21.0,4823.0,99495.0,163320.0,2,4.355092395029755,1.56,79.5,35424.85835379801,36.28
135,Instagram,Consideration,Education,Yes,Intermediate,13.0,1329.0,16847.0,156410.0,5,3.9989809186859535,2.13,75.0,60518.733837952364,48.01
136,Instagram,Consideration,Hospitality,No,Novice,17.0,5901.0,104914.0,45442.0,7,4.098556021044547,2.06,43.4,,29.59
137,TikTok,Conversion,Technology,Yes,Expert,5.0,6565.0,31416.0,51352.0,5,5.219243726947656,1.51,49.3,38875.21767601913,42.28
138,Google Ads,Awareness,Finance,No,Intermediate,8.0,10028.0,78290.0,154961.0,6,4.449071641121255,1.8,49.3,,29.89
139,Facebook,Conversion,Retail,Yes,Novice,25.0,2064.0,55433.0,39678.0,5,2.6192606581474647,0.53,77.6,43099.3689751543,4.77
140,Instagram,Conversion,Retail,No,Intermediate,6.0,9248.0,58105.0,58093.0,6,3.0950494251579954,1.02,0.0,,24.86
141,Google Ads,Conversion,Finance,No,Intermediate,23.0,1640.0,39442.0,47743.0,7,2.784308567371261,1.43,61.9,,17.89
142,Facebook,Consideration,Hospitality,No,Intermediate,4.0,11855.0,49961.0,18530.0,2,1.5875874908345713,3.14,32.4,,23.31
143,Facebook,Awareness,Hospitality,Yes,Novice,23.0,1043.0,24306.0,52018.0,3,4.0440036451933885,1.22,74.1,65631.47095076731,21.22
144,Google Ads,Consideration,Retail,Yes,Expert,19.0,6779.0,120278.0,51392.0,5,1.1020665711057447,2.56,73.1,30914.96695576877,66.19
145,Email,Consideration,Technology,No,Expert,3.0,5798.0,18063.0,10225.0,5,2.8544635543413692,1.77,72.2,,38.61
146,Email,Conversion,Finance,Yes,Expert,8.0,2425.0,18530.0,16407.0,6,0.9977653442414685,1.66,29.9,111462.49069604122,46.7
147,Instagram,Consideration,Retail,No,Intermediate,11.0,7667.0,84221.0,92432.0,7,2.152070446104114,0.63,80.2,,20.02
148,Facebook,Awareness,Hospitality,No,Novice,6.0,12579.0,76149.0,30999.0,7,,2.48,42.2,,10.1
149,Instagram,Conversion,Retail,No,Intermediate,4.0,18787.0,66534.0,223354.0,5,4.128684376580206,1.97,66.6,,29.05
150,Instagram,Conversion,Finance,No,Intermediate,17.0,6168.0,105978.0,193650.0,3,2.524497620997726,2.23,77.4,,19.44
151,TikTok,Consideration,Finance,No,Expert,20.0,5182.0,99385.0,54560.0,7,2.613874112090825,2.54,84.9,,30.93
152,Google Ads,Awareness,Finance,No,Novice,17.0,7775.0,134513.0,17035.0,7,3.974139887336548,3.35,48.1,,29.8
153,Google Ads,Conversion,Technology,No,Intermediate,9.0,7229.0,64048.0,10310.0,6,3.089840047215429,0.19,73.5,,20.08
154,Google Ads,Awareness,Retail,Yes,Expert,7.0,4759.0,32871.0,147816.0,4,3.3038394323883113,3.05,87.5,7444.079289585201,46.18
155,Email,Consideration,Education,No,Expert,13.0,5683.0,69840.0,106256.0,3,4.525956962619735,1.52,78.1,,29.03
156,Instagram,Consideration,Retail,No,Intermediate,15.0,2940.0,41653.0,71302.0,2,7.862879172064423,0.52,59.8,,18.31
157,Facebook,Consideration,Technology,No,Novice,8.0,8210.0,68612.0,8393.0,7,0.596658531224322,1.87,11.6,,7.81
158,Instagram,Awareness,Technology,Yes,Expert,11.0,8344.0,92618.0,202381.0,6,3.7578164638934517,1.39,55.8,80977.22698027955,46.54
159,Facebook,Consideration,Hospitality,Yes,Intermediate,16.0,6913.0,114745.0,77625.0,6,2.4494846144060323,3.06,67.6,90409.60528828518,44.08
160,Google Ads,Conversion,Retail,No,Novice,18.0,5061.0,81177.0,106375.0,5,4.592255670460689,1.19,22.6,,17.17
161,Google Ads,Consideration,Education,No,Expert,11.0,5572.0,61012.0,42473.0,4,,0.85,58.6,,23.61
162,TikTok,Conversion,Hospitality,Yes,Intermediate,31.0,6448.0,201618.0,18607.0,5,3.0686198359047747,1.29,43.6,23427.528246988673,24.56
163,TikTok,Conversion,Education,No,Novice,8.0,9250.0,76750.0,25039.0,9,4.0164827196232205,2.09,46.2,,38.96
164,Google Ads,Consideration,Retail,No,Novice,9.0,5821.0,49099.0,142041.0,6,1.8234977418333889,1.71,51.0,,14.2
165,Instagram,Conversion,Finance,Yes,Intermediate,16.0,13433.0,209643.0,65806.0,7,4.9799573225276,0.85,48.1,50599.12716570392,24.89
166,Instagram,Awareness,Education,No,Intermediate,15.0,27506.0,423893.0,135921.0,4,1.0513223687220727,0.45,38.3,,-11.54
167,Facebook,Conversion,Retail,No,Novice,19.0,6719.0,134035.0,86898.0,8,3.2202435207510827,1.79,63.8,,22.81
168,Google Ads,Consideration,Retail,No,Intermediate,16.0,8320.0,134501.0,129302.0,4,7.798496899077602,0.13,51.2,,27.56
169,Facebook,Awareness,Education,No,Novice,24.0,4141.0,97490.0,34286.0,5,4.46052331032861,2.29,50.7,,24.38
170,TikTok,Conversion,Technology,No,Intermediate,10.0,719.0,7314.0,44159.0,4,4.4772427812496725,0.91,85.5,,36.04
171,Instagram,Consideration,Retail,No,Expert,16.0,14066.0,218554.0,37822.0,4,8.412413603716352,2.06,40.6,,39.77
172,Email,Awareness,Retail,Yes,Novice,35.0,24830.0,783462.0,197627.0,5,,1.63,69.6,45227.395992535836,14.08
173,Google Ads,Conversion,Hospitality,Yes,Novice,11.0,4949.0,57178.0,135958.0,4,6.087751173102101,1.43,56.5,56563.21316545578,69.3
174,Facebook,Awareness,Finance,No,Intermediate,34.0,11187.0,367261.0,63000.0,6,6.003388125806647,2.63,50.5,,38.77
175,Google Ads,Awareness,Hospitality,No,Intermediate,17.0,5288.0,87734.0,66130.0,6,4.883004683463921,3.2,61.1,,42.6
176,TikTok,Consideration,Finance,No,Intermediate,16.0,1561.0,24477.0,46469.0,3,1.7723137415994568,1.94,78.3,,25.91
177,Google Ads,Consideration,Retail,No,Intermediate,13.0,7840.0,101516.0,36603.0,5,4.721055473142695,1.01,45.6,,38.52
178,Google Ads,Awareness,Technology,No,Intermediate,8.0,3985.0,28412.0,57313.0,5,2.321944083851185,0.96,84.0,,12.22
179,Google Ads,Awareness,Hospitality,No,Intermediate,6.0,16554.0,89379.0,69668.0,3,0.05,1.76,33.1,,13.34
180,Facebook,Conversion,Finance,No,Novice,7.0,5814.0,40859.0,10121.0,3,2.5632804115165344,2.17,53.7,,39.52
181,Instagram,Conversion,Retail,No,Expert,11.0,599.0,6833.0,85693.0,4,3.9249702502035895,3.17,93.6,,60.75
182,Facebook,Conversion,Hospitality,Yes,Novice,22.0,2708.0,59012.0,21503.0,7,5.07178471073232,1.79,72.6,43170.75859170516,30.41
183,Instagram,Awareness,Hospitality,No,Novice,4.0,9016.0,33843.0,79583.0,7,5.324783004308085,2.47,68.2,,34.24
184,Facebook,Conversion,Retail,No,Intermediate,7.0,10653.0,78105.0,53433.0,2,4.68224813079345,1.12,22.2,,19.92
185,Instagram,Awareness,Education,Yes,Intermediate,15.0,6254.0,90958.0,51948.0,6,4.161879845696708,1.26,47.2,18938.123343241645,37.48
186,Facebook,Conversion,Retail,No,Intermediate,9.0,9286.0,82986.0,21439.0,6,2.081630339245926,2.46,100.0,,47.12
187,Email,Conversion,Hospitality,Yes,Expert,21.0,4240.0,84487.0,135122.0,3,3.0909918055567327,2.75,34.6,98132.96260566876,42.05
188,Instagram,Consideration,Education,No,Expert,10.0,17166.0,175156.0,73605.0,4,,1.55,40.7,,55.11
189,Facebook,Awareness,Hospitality,No,Intermediate,6.0,5474.0,32948.0,149089.0,4,2.4847885266530674,0.4,82.7,,15.98
190,Facebook,Consideration,Retail,No,Intermediate,23.0,4099.0,89917.0,80862.0,5,2.313861938779161,1.05,33.7,,11.3
191,Instagram,Awareness,Technology,No,Intermediate,14.0,9972.0,142982.0,229036.0,7,2.736348758326651,1.03,65.8,,-1.92
192,Facebook,Awareness,Education,No,Expert,8.0,9652.0,75015.0,141258.0,5,4.540229209814084,1.68,94.1,,20.26
193,Google Ads,Awareness,Hospitality,No,Intermediate,3.0,15636.0,48092.0,128900.0,6,3.096938369278784,2.13,38.1,,40.92
194,Google Ads,Awareness,Education,No,Novice,5.0,11636.0,56010.0,163924.0,7,2.663450881243707,3.2,76.9,,21.08
195,Google Ads,Conversion,Technology,No,Intermediate,11.0,5801.0,67486.0,75333.0,2,0.05,1.97,83.1,,12.24
196,Facebook,Consideration,Hospitality,No,Novice,16.0,8503.0,137191.0,59085.0,4,2.882180592558271,1.18,66.2,,16.4
197,TikTok,Awareness,Retail,No,Intermediate,18.0,4508.0,80014.0,117866.0,8,4.026710986251874,2.07,76.9,,14.75
198,TikTok,Conversion,Finance,No,Intermediate,10.0,4626.0,46128.0,18623.0,5,3.6827746183646273,2.42,30.3,,37.4
199,TikTok,Awareness,Retail,Yes,Intermediate,18.0,2418.0,46369.0,77580.0,5,4.4328753758184885,2.53,39.2,32026.952621537184,6.0
200,Instagram,Awareness,Hospitality,No,Novice,12.0,13319.0,151442.0,179803.0,6,2.6217347284452477,2.34,35.1,,-13.39
201,Facebook,Conversion,Education,No,Intermediate,31.0,3302.0,102834.0,26075.0,6,5.170630857980782,0.92,72.6,,45.7
202,TikTok,Awareness,Retail,No,Intermediate,9.0,15087.0,146246.0,73816.0,4,1.4112212821966155,0.34,53.8,,-12.0
203,TikTok,Consideration,Retail,No,Novice,23.0,5516.0,135217.0,82222.0,6,1.6047729151998558,1.4,44.5,,21.85
204,Facebook,Awareness,Retail,No,Expert,24.0,13145.0,311018.0,41048.0,4,0.05,0.39,49.1,,-15.26
205,Google Ads,Consideration,Education,No,Intermediate,13.0,9043.0,120169.0,125120.0,5,2.6570346476940525,2.45,42.2,,47.52
206,Email,Conversion,Retail,Yes,Expert,24.0,19998.0,454486.0,103688.0,8,4.180463678362628,2.58,71.9,37590.25691640488,34.29
207,TikTok,Awareness,Hospitality,No,Novice,18.0,5614.0,102767.0,18051.0,5,4.508185676858934,3.02,70.7,,4.1
208,Facebook,Conversion,Technology,Yes,Novice,33.0,7133.0,234912.0,22614.0,9,4.220007363701441,1.85,52.2,77531.15860739905,27.29
209,Google Ads,Conversion,Education,No,Intermediate,19.0,2762.0,51257.0,151347.0,3,0.05,0.73,32.4,,20.17
210,TikTok,Consideration,Finance,No,Expert,7.0,3914.0,25687.0,80665.0,5,3.688844293127218,2.29,97.8,,37.78
211,Email,Awareness,Finance,No,Expert,7.0,7409.0,54822.0,79037.0,5,2.375982396460232,0.68,37.6,,16.62
212,Facebook,Consideration,Finance,No,Intermediate,15.0,5449.0,81567.0,76998.0,6,2.2477655317346033,1.5,49.3,,5.53
213,Facebook,Consideration,Hospitality,No,Intermediate,20.0,14305.0,257778.0,42668.0,3,,0.98,45.8,,12.51
214,Facebook,Conversion,Finance,Yes,Novice,18.0,9748.0,187693.0,68762.0,10,5.238505798828877,3.18,52.5,20493.519158221945,37.2
215,Email,Consideration,Retail,No,Intermediate,32.0,6245.0,198930.0,62821.0,5,5.209364665474396,2.04,75.9,,49.47
216,Google Ads,Awareness,Hospitality,No,Intermediate,16.0,7723.0,124287.0,101037.0,4,4.3692902541815135,2.2,62.3,,23.57
217,Facebook,Awareness,Technology,No,Expert,5.0,7170.0,32950.0,37796.0,4,2.1842389944311327,1.84,33.4,,24.47
218,Facebook,Conversion,Hospitality,No,Novice,13.0,20948.0,265951.0,158786.0,8,2.8561079595798313,0.84,60.8,,-10.8
219,Google Ads,Consideration,Hospitality,Yes,Novice,13.0,2715.0,35077.0,52003.0,4,4.544542735984957,0.67,45.6,20458.91548060653,22.66
220,Facebook,Consideration,Finance,No,Expert,7.0,10367.0,68636.0,64818.0,6,0.5262548077759703,1.97,36.0,,-1.77
221,Facebook,Awareness,Finance,No,Expert,14.0,4121.0,56535.0,173312.0,3,3.850896256280146,1.33,63.9,,29.57
222,Google Ads,Awareness,Hospitality,No,Expert,4.0,23806.0,102129.0,119171.0,3,3.6704431921252594,2.15,38.4,,42.71
223,TikTok,Consideration,Hospitality,Yes,Expert,20.0,3134.0,64575.0,129429.0,7,4.073646376646604,2.92,68.8,23299.712733027445,29.76
224,Facebook,Conversion,Education,Yes,Expert,8.0,6482.0,48953.0,35433.0,4,2.495180658616874,1.5,66.6,55146.59841295507,31.07
225,Instagram,Conversion,Retail,Yes,Intermediate,4.0,9939.0,38182.0,55667.0,2,,1.75,77.5,32429.558548663845,48.61
226,Instagram,Awareness,Retail,No,Intermediate,9.0,19200.0,169557.0,110569.0,5,1.4174264351294124,3.18,6.1,,9.69
227,Email,Conversion,Education,No,Expert,13.0,9502.0,119400.0,112572.0,3,1.9864858708855362,1.61,68.3,,38.55
228,Google Ads,Awareness,Hospitality,No,Intermediate,26.0,1919.0,52923.0,218486.0,5,1.4046224780227636,0.62,76.1,,32.68
229,Google Ads,Conversion,Technology,No,Novice,12.0,7295.0,85495.0,94747.0,3,1.973377297970133,1.2,23.6,,0.31
230,Instagram,Conversion,Technology,No,Novice,11.0,3766.0,42817.0,181630.0,3,4.901093200944716,1.51,84.1,,43.74
231,Facebook,Awareness,Retail,Yes,Novice,3.0,7958.0,23513.0,141814.0,5,3.194033997279065,1.82,62.8,41668.556500980165,27.57
232,TikTok,Consideration,Hospitality,No,Intermediate,19.0,12727.0,243677.0,20137.0,8,3.022924841058735,1.88,88.3,,30.15
233,Facebook,Consideration,Education,No,Expert,10.0,1967.0,19943.0,48368.0,7,2.8999809022635628,3.02,43.9,,57.81
234,Google Ads,Consideration,Hospitality,No,Expert,17.0,17201.0,272422.0,12680.0,5,2.3425226285514293,1.92,58.3,,34.03
235,Email,Consideration,Hospitality,No,Intermediate,5.0,14078.0,65777.0,26431.0,7,1.9670408988724457,0.28,62.9,,8.28
236,Google Ads,Consideration,Finance,No,Expert,13.0,1225.0,16977.0,47035.0,3,2.2993240073905614,1.25,81.1,,-54.55
237,Google Ads,Conversion,Education,Yes,Expert,27.0,6082.0,170975.0,91173.0,6,6.681485833480141,2.61,54.0,67286.58387725956,74.65
238,TikTok,Conversion,Hospitality,No,Novice,9.0,17864.0,159132.0,138781.0,4,,1.57,58.6,,10.52
239,Instagram,Consideration,Retail,No,Novice,8.0,2682.0,20851.0,22372.0,5,1.1611860074580629,1.59,15.1,,-1.53
240,Google Ads,Consideration,Retail,No,Novice,24.0,4516.0,104565.0,86015.0,7,1.1180654616491341,2.49,85.1,,2.61
241,Facebook,Conversion,Hospitality,Yes,Intermediate,16.0,3483.0,56228.0,87907.0,6,3.2361073791040638,2.65,49.4,21425.080310281082,52.5
242,Email,Awareness,Finance,Yes,Novice,24.0,14043.0,366192.0,96585.0,5,6.839845112887732,0.86,70.4,61574.43883441335,40.66
243,TikTok,Conversion,Finance,No,Intermediate,7.0,2623.0,18526.0,16822.0,6,3.6410094084083813,1.23,44.4,,34.45
244,TikTok,Consideration,Finance,No,Intermediate,12.0,3863.0,47468.0,118585.0,4,4.794004573334931,2.52,43.1,,9.66
245,Instagram,Conversion,Education,No,Novice,16.0,8409.0,131090.0,140758.0,8,0.05,2.25,70.5,,26.71
246,Facebook,Consideration,Hospitality,No,Expert,18.0,7788.0,144966.0,227148.0,7,2.014908423645913,1.31,69.0,,14.22
247,Facebook,Conversion,Hospitality,Yes,Intermediate,11.0,10591.0,116226.0,119786.0,7,2.4388232457956045,1.45,67.2,16927.033975700408,14.02
248,Email,Consideration,Finance,No,Intermediate,10.0,13064.0,124127.0,51047.0,9,7.188429635340372,1.77,44.9,,45.87
249,Instagram,Consideration,Finance,No,Intermediate,7.0,3208.0,21984.0,76629.0,8,1.8081864960837377,2.04,47.4,,17.25
250,TikTok,Awareness,Technology,No,Intermediate,10.0,3257.0,35442.0,48835.0,3,3.769784077568221,0.75,77.1,,20.14
251,Instagram,Conversion,Finance,No,Expert,7.0,3635.0,24538.0,72051.0,6,1.2334625906880405,2.63,56.7,,52.14
252,Instagram,Consideration,Retail,No,Expert,17.0,6338.0,99665.0,204161.0,5,7.308665744709436,2.68,71.8,,44.27
253,Instagram,Conversion,Hospitality,Yes,Novice,17.0,3980.0,69398.0,164666.0,4,5.516336536224545,2.4,91.5,27991.781975177433,56.08
254,Instagram,Conversion,Education,Yes,Intermediate,4.0,9361.0,42644.0,24770.0,4,4.535432053424404,2.89,23.1,53536.82753507492,47.65
255,Google Ads,Consideration,Hospitality,Yes,Intermediate,27.0,2671.0,73225.0,113779.0,3,0.05,1.08,67.8,49533.191524658956,15.47
256,Google Ads,Awareness,Finance,No,Expert,7.0,4445.0,33414.0,186125.0,6,5.309172765894456,3.08,48.3,,41.14
257,Google Ads,Consideration,Hospitality,No,Intermediate,19.0,5620.0,104341.0,2736.0,4,2.768328582666523,2.11,34.4,,18.02
258,TikTok,Conversion,Retail,No,Novice,6.0,7421.0,41146.0,27277.0,7,4.275663792818939,0.76,75.8,,61.65
259,Google Ads,Consideration,Retail,No,Expert,7.0,7653.0,52023.0,101571.0,5,1.755513197854682,1.72,83.0,,28.56
260,Email,Consideration,Hospitality,No,Intermediate,15.0,7971.0,123534.0,46869.0,8,3.335585577872073,0.97,71.5,,23.53
261,Facebook,Conversion,Hospitality,No,Novice,17.0,984.0,16750.0,182241.0,2,3.7350969300610664,1.8,62.7,,57.12
262,Google Ads,Awareness,Education,No,Novice,23.0,12003.0,298139.0,61513.0,7,2.0280657761139644,2.6,57.7,,34.27
263,TikTok,Conversion,Finance,No,Intermediate,27.0,4530.0,114798.0,39490.0,4,0.18803278191937123,1.52,52.9,,20.68
264,Instagram,Consideration,Retail,Yes,Intermediate,15.0,3887.0,57609.0,199252.0,7,4.599584976152935,1.6,38.2,60146.979450486615,44.21
265,TikTok,Consideration,Retail,Yes,Expert,21.0,5327.0,106059.0,107947.0,7,0.6141079942065839,0.38,47.9,20698.760777529114,-7.15
266,Facebook,Consideration,Retail,Yes,Intermediate,12.0,8432.0,105002.0,171632.0,3,,0.2,57.9,54187.25416789723,10.25
267,Google Ads,Consideration,Technology,No,Intermediate,3.0,6242.0,19124.0,3722.0,5,4.852625882602332,1.68,75.7,,64.85
268,Facebook,Conversion,Retail,No,Expert,11.0,13195.0,146065.0,180107.0,3,3.3141631611074223,1.02,83.1,,23.33
269,Google Ads,Consideration,Retail,Yes,Expert,10.0,5267.0,56575.0,113128.0,7,,2.07,26.5,64746.35671138118,47.05
270,Google Ads,Consideration,Hospitality,No,Intermediate,34.0,2269.0,76021.0,209836.0,3,1.2204958555321899,0.99,35.0,,4.41
271,TikTok,Awareness,Hospitality,Yes,Expert,13.0,1381.0,17778.0,51311.0,9,4.146093518504914,3.85,69.6,56604.151316920994,49.7
272,Google Ads,Awareness,Education,No,Expert,77.0,3706.0,281395.0,24375.0,4,1.9693525570614945,1.15,62.3,,-2.6
273,Facebook,Conversion,Hospitality,Yes,Intermediate,5.0,5967.0,29202.0,167135.0,2,4.358048805249313,2.15,54.3,14118.518320920866,18.88
274,Google Ads,Conversion,Education,No,Novice,22.0,12727.0,270706.0,78764.0,9,,2.92,66.2,,31.99
275,Google Ads,Awareness,Hospitality,Yes,Intermediate,13.0,11083.0,140034.0,83217.0,7,0.6719234733609736,3.8,73.6,45175.036494004504,39.32
276,Instagram,Conversion,Technology,No,Intermediate,6.0,6814.0,37895.0,86827.0,7,5.08325811176581,1.65,51.4,,33.56
277,Google Ads,Consideration,Hospitality,No,Intermediate,23.0,27496.0,644860.0,72918.0,2,1.6638325542291397,2.07,66.2,,11.67
278,Instagram,Awareness,Education,Yes,Novice,17.0,9124.0,153029.0,108652.0,5,,2.97,66.1,5473.979288906986,18.49
279,Google Ads,Awareness,Technology,No,Intermediate,25.0,4882.0,127472.0,42485.0,6,4.923316815571161,2.27,48.8,,63.08
280,Email,Consideration,Education,Yes,Novice,6.0,10792.0,69975.0,146097.0,7,5.947099832388784,0.58,73.3,26854.399314182858,29.68
281,Instagram,Conversion,Retail,Yes,Intermediate,9.0,11036.0,103195.0,61277.0,3,4.9804254522378315,0.92,93.7,55880.637189213776,26.8
282,Google Ads,Conversion,Technology,Yes,Intermediate,18.0,4611.0,76475.0,47664.0,7,4.173268403770146,3.13,21.1,13852.328264892336,51.25
283,Facebook,Conversion,Retail,No,Intermediate,18.0,8018.0,147254.0,95533.0,3,0.9249510089426307,2.22,33.9,,21.09
284,Facebook,Consideration,Hospitality,No,Intermediate,20.0,14223.0,252089.0,95653.0,2,2.3755831712678814,2.27,65.0,,25.23
285,TikTok,Awareness,Finance,Yes,Novice,10.0,8717.0,85487.0,26635.0,6,4.373241565435366,1.12,50.9,108761.46432763281,20.65
286,Email,Awareness,Hospitality,No,Novice,6.0,7134.0,42002.0,45452.0,6,0.5191848120967433,2.49,42.7,,-67.52
287,Instagram,Consideration,Hospitality,No,Intermediate,24.0,11598.0,300024.0,57959.0,8,1.7926073642943992,1.53,29.7,,0.45
288,Google Ads,Consideration,Retail,Yes,Novice,15.0,4986.0,75729.0,72346.0,6,4.427803781649715,1.63,67.3,18394.82004313492,39.0
289,TikTok,Awareness,Finance,Yes,Expert,16.0,16356.0,271885.0,138457.0,5,3.8599788019255556,1.59,70.1,50267.92760158942,38.6
290,Facebook,Conversion,Retail,No,Intermediate,16.0,8685.0,132134.0,102699.0,5,3.932713728313614,0.43,44.5,,11.0
291,Google Ads,Conversion,Finance,No,Intermediate,8.0,2293.0,17914.0,48239.0,4,2.4435666901756328,2.38,76.0,,49.1
292,Email,Conversion,Retail,No,Novice,19.0,15216.0,290302.0,140761.0,5,4.951377998053038,0.72,70.9,,4.09
293,Instagram,Consideration,Retail,No,Expert,12.0,11624.0,132250.0,119929.0,7,3.472834215975762,2.13,61.7,,36.82
294,Facebook,Conversion,Retail,No,Novice,18.0,12199.0,215154.0,426357.0,3,2.4132369618233818,2.17,69.3,,19.48
295,Instagram,Awareness,Technology,Yes,Expert,4.0,10863.0,38762.0,17642.0,4,0.3942367211819575,0.02,54.0,33633.55336950797,2.31
296,Google Ads,Conversion,Hospitality,No,Expert,13.0,1859.0,23761.0,66621.0,6,1.3080660579496817,2.15,61.6,,58.48
297,TikTok,Awareness,Hospitality,No,Expert,14.0,5144.0,70433.0,59801.0,7,3.3509535227529956,2.73,75.0,,28.72
298,Google Ads,Consideration,Technology,No,Expert,23.0,10203.0,244827.0,47027.0,3,0.9347767614214639,1.26,42.4,,14.29
299,Google Ads,Conversion,Retail,No,Intermediate,11.0,3358.0,41648.0,89972.0,8,5.55591722987886,1.66,51.5,,47.32
300,Facebook,Conversion,Finance,Yes,Novice,28.0,9664.0,258051.0,179673.0,8,1.2419763280656444,1.92,54.9,31293.88358333153,34.64
301,Google Ads,Consideration,Retail,Yes,Expert,5.0,8131.0,39114.0,120675.0,3,1.5435709362890877,1.64,67.2,14454.033610711309,49.05
302,Facebook,Consideration,Finance,No,Novice,4.0,14682.0,66232.0,93325.0,4,4.983230483359983,3.51,40.3,,43.07
303,Instagram,Awareness,Finance,No,Intermediate,20.0,5133.0,95261.0,51622.0,4,4.089964324156075,3.05,58.0,,41.62
304,Google Ads,Awareness,Hospitality,No,Intermediate,4.0,16203.0,63776.0,129653.0,5,3.4781693577189516,2.72,51.2,,28.77
305,Instagram,Conversion,Retail,No,Expert,16.0,8107.0,131573.0,35609.0,4,5.355452673619774,2.5,54.3,,48.72
306,Facebook,Conversion,Finance,No,Intermediate,12.0,5716.0,66374.0,235108.0,4,,2.55,39.6,,47.15
307,Facebook,Consideration,Technology,No,Intermediate,13.0,11131.0,145696.0,174952.0,5,3.8569339750748375,0.49,37.2,,17.17
308,Facebook,Conversion,Retail,No,Intermediate,12.0,4940.0,62246.0,100465.0,7,0.08615634951538098,2.32,63.7,,1.17
309,Google Ads,Awareness,Retail,No,Intermediate,4.0,1068.0,4358.0,102939.0,4,3.9985198258054178,2.11,36.1,,32.18
310,TikTok,Awareness,Hospitality,No,Expert,31.0,4538.0,132353.0,69793.0,7,2.2129177135166165,2.47,50.1,,36.28
311,Instagram,Conversion,Retail,No,Novice,42.0,3607.0,149302.0,52265.0,4,2.014731678931227,1.84,69.5,,5.69
312,Instagram,Conversion,Hospitality,No,Novice,46.0,582.0,26278.0,160641.0,6,2.2314459303058536,0.94,66.6,,25.16
313,Google Ads,Awareness,Technology,Yes,Intermediate,7.0,4457.0,30728.0,58902.0,6,5.711814698486604,0.75,100.0,42996.418033335605,46.3
314,Google Ads,Awareness,Finance,No,Intermediate,5.0,3373.0,17511.0,203584.0,9,4.0152847814829515,0.39,52.8,,32.29
315,Google Ads,Conversion,Education,No,Intermediate,16.0,4498.0,73694.0,35679.0,3,2.4159469570504273,1.82,49.1,,21.54
316,Google Ads,Awareness,Technology,No,Novice,9.0,6898.0,65826.0,40799.0,4,4.8683966753022005,0.74,81.9,,43.75
317,Facebook,Conversion,Technology,No,Intermediate,32.0,2433.0,82865.0,89681.0,7,3.3304607959180186,2.67,46.3,,44.96
318,Instagram,Consideration,Technology,No,Expert,5.0,758.0,3289.0,210557.0,5,2.856011889439932,1.31,39.6,,10.6
319,Google Ads,Awareness,Retail,Yes,Intermediate,17.0,14408.0,248219.0,97045.0,5,2.0603180667254444,2.49,42.1,33861.417775974165,28.65
320,Instagram,Consideration,Finance,No,Novice,12.0,7739.0,89858.0,205577.0,6,2.7532037710357353,1.16,51.5,,12.37
321,Google Ads,Consideration,Hospitality,Yes,Expert,6.0,8150.0,46501.0,87008.0,5,1.0526068091826946,1.48,66.7,35320.59070009712,30.91
322,Email,Awareness,Retail,No,Expert,24.0,9644.0,233280.0,20018.0,4,4.758108937922571,2.87,56.4,,28.46
323,TikTok,Consideration,Retail,Yes,Intermediate,11.0,14156.0,158394.0,150411.0,4,3.052519789157826,2.26,58.3,22342.30828717818,32.94
324,Instagram,Awareness,Retail,No,Novice,5.0,6214.0,30587.0,60640.0,6,2.66652101980533,1.98,78.7,,23.74
325,TikTok,Consideration,Hospitality,No,Expert,4.0,5668.0,22440.0,253524.0,5,6.01175392448443,2.12,67.7,,39.92
326,Instagram,Conversion,Finance,No,Expert,10.0,4367.0,43683.0,93087.0,4,2.5341641707314944,1.11,74.8,,8.67
327,Instagram,Awareness,Retail,Yes,Intermediate,16.0,5713.0,83002.0,223715.0,5,1.0234761833085595,1.93,44.0,18805.364940948253,21.38
328,Facebook,Consideration,Retail,No,Novice,7.0,1912.0,13423.0,139061.0,5,2.5303231843419827,1.15,46.0,,6.0
329,Google Ads,Conversion,Retail,No,Novice,5.0,5473.0,28136.0,198793.0,7,2.5854096637635116,1.8,62.8,,27.66
330,TikTok,Consideration,Technology,No,Intermediate,19.0,10656.0,193894.0,86848.0,6,3.095202708850611,2.39,51.5,,6.82
331,TikTok,Awareness,Retail,No,Intermediate,8.0,16305.0,135599.0,92989.0,2,3.4247749046144267,2.15,70.7,,37.15
332,Email,Awareness,Technology,Yes,Expert,17.0,3952.0,71603.0,132858.0,6,,2.19,66.1,171412.1101666861,36.37
333,Email,Awareness,Retail,Yes,Intermediate,17.0,10959.0,183345.0,190898.0,2,2.817914373533431,2.44,40.7,25779.018585575297,36.45
334,Facebook,Awareness,Finance,No,Intermediate,25.0,6926.0,163213.0,24839.0,4,5.010057196229497,0.33,48.5,,6.98
335,Facebook,Consideration,Retail,No,Expert,18.0,3709.0,69837.0,77795.0,6,4.506894143588806,2.11,66.8,,29.53
336,TikTok,Conversion,Finance,No,Expert,15.0,62369.0,919222.0,6405.0,1,5.103443104304574,3.15,81.7,,22.09
337,TikTok,Conversion,Retail,No,Intermediate,35.0,32260.0,1124408.0,105501.0,9,4.240326901184451,0.99,36.5,,-25.11
338,Facebook,Conversion,Retail,No,Intermediate,6.0,5351.0,31458.0,7550.0,5,3.2838655870038447,1.65,41.8,,44.72
339,Google Ads,Consideration,Finance,No,Novice,11.0,2169.0,24312.0,32107.0,8,2.538012762424631,2.58,53.0,,35.74
340,Google Ads,Consideration,Retail,No,Intermediate,4.0,8876.0,38581.0,201313.0,6,2.558442773795925,1.37,68.2,,12.3
341,Google Ads,Awareness,Education,No,Novice,15.0,17590.0,258888.0,113045.0,7,2.3107715669546627,2.19,13.9,,7.07
342,Facebook,Awareness,Finance,No,Novice,3.0,1675.0,5124.0,106004.0,8,1.2476958004878247,3.58,60.7,,31.84
343,Google Ads,Consideration,Retail,Yes,Intermediate,4.0,3495.0,14061.0,58301.0,6,2.1460495748289508,1.67,49.6,71936.92043721462,21.4
344,Facebook,Consideration,Hospitality,Yes,Expert,23.0,2195.0,56307.0,60820.0,7,2.413337577545958,2.47,58.4,14612.747188473882,36.54
345,Instagram,Consideration,Finance,No,Intermediate,12.0,13168.0,148267.0,173644.0,4,0.05,0.84,52.0,,20.45
346,Facebook,Awareness,Finance,No,Expert,24.0,5257.0,122897.0,103250.0,3,4.503209742675975,2.48,96.3,,46.27
347,Instagram,Consideration,Retail,Yes,Expert,10.0,10035.0,104811.0,44841.0,1,4.838778008408855,3.07,76.4,25971.114838364363,63.37
348,Facebook,Consideration,Education,Yes,Intermediate,13.0,5644.0,72678.0,155739.0,4,3.868148329490985,2.0,70.9,48995.17418962809,28.34
349,Email,Conversion,Finance,No,Intermediate,33.0,4775.0,160675.0,31094.0,5,3.4881634026679826,0.98,58.5,,23.76
350,TikTok,Consideration,Retail,Yes,Intermediate,27.0,4676.0,135457.0,56695.0,5,1.9778630060362319,1.91,48.0,22494.780835746085,20.11
351,Google Ads,Consideration,Finance,No,Novice,27.0,3722.0,97237.0,48678.0,8,1.798973005259021,2.13,57.6,,20.23
352,Facebook,Consideration,Education,No,Intermediate,5.0,16229.0,82394.0,20760.0,3,3.358506154500584,0.89,2.9,,7.0
353,Google Ads,Conversion,Technology,No,Novice,18.0,3341.0,61102.0,81781.0,4,3.6423455697619582,1.83,10.5,,35.63
354,Google Ads,Consideration,Technology,No,Expert,9.0,8823.0,79729.0,93618.0,3,,2.13,66.9,,31.16
355,Google Ads,Awareness,Hospitality,No,Intermediate,16.0,11930.0,189764.0,46009.0,2,3.013144845722446,1.68,57.0,,17.35
356,Email,Consideration,Hospitality,No,Intermediate,18.0,5610.0,102245.0,50299.0,6,5.490419455124851,1.77,74.7,,47.44
357,Email,Awareness,Retail,No,Novice,17.0,3607.0,63160.0,155202.0,7,4.1981004095447885,1.69,41.5,,17.87
358,Instagram,Awareness,Finance,No,Novice,26.0,2531.0,72890.0,91711.0,3,3.9312210994132286,1.82,72.4,,16.77
359,Google Ads,Awareness,Retail,No,Expert,13.0,2112.0,29081.0,62345.0,3,3.1527452819220416,0.02,63.3,,26.88
360,Instagram,Awareness,Hospitality,No,Expert,6.0,11011.0,62561.0,67641.0,7,2.7693766907511437,0.37,44.5,,14.82
361,Email,Consideration,Hospitality,Yes,Novice,14.0,5067.0,66206.0,3456.0,7,3.994853370882972,3.08,76.1,71614.5156031668,50.82
362,Email,Awareness,Retail,No,Intermediate,27.0,2277.0,57995.0,248290.0,7,3.836125964610598,1.68,51.3,,28.52
363,Google Ads,Awareness,Education,Yes,Novice,8.0,4947.0,36462.0,105833.0,4,3.456221281951629,4.39,62.0,75685.16984985536,66.33
364,TikTok,Consideration,Technology,Yes,Intermediate,16.0,4925.0,78962.0,51657.0,5,3.5940752137663243,2.3,39.5,78508.80163205006,49.2
365,Email,Awareness,Hospitality,No,Intermediate,40.0,19439.0,739626.0,118343.0,4,1.9216150849135119,2.33,46.3,,-10.37
366,Facebook,Consideration,Retail,No,Intermediate,9.0,4106.0,34635.0,158154.0,5,1.6040669667836562,0.51,45.6,,5.0
367,Instagram,Awareness,Retail,Yes,Intermediate,11.0,4397.0,47669.0,95905.0,7,4.1491201073674056,0.66,74.2,35146.662069558595,43.67
368,Facebook,Awareness,Finance,Yes,Intermediate,14.0,5122.0,74022.0,138701.0,5,2.474398100987053,1.36,74.6,24348.94913552996,18.11
369,Facebook,Awareness,Retail,No,Novice,24.0,6359.0,150614.0,213907.0,5,4.715421722685334,0.95,57.7,,15.62
370,Instagram,Awareness,Technology,No,Novice,10.0,10736.0,109411.0,242714.0,8,3.7942661009132554,0.74,37.3,,7.54
371,TikTok,Conversion,Retail,Yes,Intermediate,7.0,9150.0,68421.0,147403.0,7,1.7679188232689136,1.4,25.2,11875.024911477414,28.72
372,Facebook,Awareness,Hospitality,Yes,Novice,25.0,7430.0,198996.0,169852.0,7,2.5928803951103436,2.32,76.0,21674.945644967793,19.6
373,Facebook,Awareness,Technology,No,Novice,5.0,8224.0,43191.0,179838.0,7,3.831256723528672,1.42,53.0,,6.17
374,TikTok,Conversion,Retail,Yes,Novice,12.0,9718.0,113510.0,9399.0,8,3.8120401673731905,2.41,70.3,40379.17035537074,30.99
375,Facebook,Consideration,Hospitality,Yes,Intermediate,12.0,6607.0,83737.0,75735.0,4,2.9016526426231164,2.48,41.8,117842.15193775609,25.89
376,Google Ads,Consideration,Education,No,Novice,21.0,8264.0,183420.0,27840.0,5,3.7810147486228978,1.4,35.0,,12.2
377,Google Ads,Consideration,Technology,Yes,Expert,6.0,1091.0,6990.0,215525.0,6,2.510344034420256,1.75,65.9,130056.20067649714,55.45
378,Google Ads,Consideration,Retail,No,Novice,10.0,9741.0,97044.0,74647.0,3,4.702047574700117,4.57,66.4,,65.55
379,Google Ads,Conversion,Technology,No,Expert,3.0,6865.0,21098.0,109858.0,4,3.128652498691697,0.52,70.1,,35.18
380,Google Ads,Awareness,Technology,No,Novice,30.0,3635.0,109499.0,150547.0,3,2.554648282335646,1.04,55.8,,21.2
381,Google Ads,Consideration,Technology,No,Intermediate,21.0,6695.0,137472.0,143682.0,3,7.08428137075354,3.09,36.6,,55.53
382,TikTok,Consideration,Retail,No,Intermediate,15.0,4485.0,66593.0,74282.0,4,3.325629321693617,1.45,70.0,,24.96
383,Facebook,Conversion,Retail,No,Intermediate,3.0,11594.0,37196.0,92738.0,4,4.96862026760749,3.21,39.2,,27.27
384,TikTok,Consideration,Retail,No,Expert,10.0,3558.0,36746.0,304590.0,4,4.296277347962355,1.84,84.2,,21.93
385,TikTok,Conversion,Education,Yes,Intermediate,5.0,7313.0,33779.0,191179.0,8,2.23579819928395,1.46,36.8,30962.34365387437,24.62
386,TikTok,Conversion,Education,Yes,Novice,6.0,7532.0,46370.0,39896.0,7,5.910523706036816,1.7,57.8,29180.68142447549,49.18
387,Facebook,Consideration,Technology,Yes,Novice,7.0,6219.0,42360.0,105049.0,5,4.668715334449473,2.28,73.4,73653.22829946372,48.68
388,Facebook,Conversion,Hospitality,No,Intermediate,4.0,5627.0,19020.0,96656.0,7,2.5169592345232017,2.31,54.1,,44.87
389,TikTok,Consideration,Technology,No,Novice,4.0,862.0,2977.0,138666.0,4,2.4994413203921924,2.19,36.7,,15.56
390,Email,Awareness,Retail,Yes,Expert,22.0,14408.0,342938.0,47405.0,8,3.197549984510433,1.21,79.1,11357.789751899492,11.79
391,Facebook,Conversion,Retail,No,Expert,15.0,9078.0,141242.0,112065.0,6,5.179986954232657,1.75,60.5,,37.7
392,TikTok,Conversion,Hospitality,Yes,Intermediate,8.0,6399.0,47695.0,68430.0,5,3.1596105029341253,3.1,52.3,99449.14872968968,54.97
393,TikTok,Consideration,Retail,No,Expert,7.0,1476.0,10338.0,81544.0,6,5.870651802598636,1.63,65.5,,28.51
394,TikTok,Conversion,Hospitality,Yes,Intermediate,27.0,7207.0,202455.0,129839.0,6,3.5574661554412494,1.28,84.7,12216.938786735054,14.1
395,Google Ads,Awareness,Retail,No,Expert,14.0,4170.0,56893.0,115745.0,6,1.7885547997244113,1.99,57.2,,32.99
396,Google Ads,Conversion,Hospitality,Yes,Intermediate,18.0,7569.0,141351.0,31448.0,5,3.390102476472608,2.29,59.2,29266.54998600069,33.77
397,Google Ads,Conversion,Hospitality,No,Intermediate,6.0,4644.0,26431.0,203744.0,5,5.809230230609584,2.75,0.0,,40.24
398,Facebook,Conversion,Retail,No,Intermediate,6.0,13264.0,87242.0,51811.0,6,2.145768154659457,2.18,50.7,,58.41
399,Facebook,Conversion,Hospitality,Yes,Intermediate,45.0,5356.0,227539.0,156401.0,5,4.709849040775456,1.9,64.3,79160.38180806738,51.53
400,Google Ads,Consideration,Retail,No,Intermediate,11.0,3081.0,34011.0,153290.0,4,5.584114602144348,1.53,60.0,,44.67
401,Email,Conversion,Technology,No,Expert,23.0,23463.0,562990.0,80415.0,3,0.7513713142115259,1.18,63.8,,8.79
402,Google Ads,Awareness,Education,Yes,Novice,16.0,12480.0,206758.0,10782.0,4,2.2968294410698533,1.69,65.5,10022.089180737248,30.97
403,Facebook,Consideration,Hospitality,No,Intermediate,10.0,14813.0,150651.0,140847.0,6,3.224105390379646,2.22,72.5,,37.31
404,TikTok,Consideration,Finance,Yes,Novice,8.0,4882.0,38736.0,103090.0,3,1.866314365913862,3.8,59.4,57233.70128003042,35.83
405,Facebook,Awareness,Hospitality,No,Expert,17.0,1100.0,18036.0,160056.0,4,4.836080957696382,3.4,53.3,,24.29
406,Google Ads,Consideration,Hospitality,No,Expert,29.0,15035.0,450962.0,113810.0,5,3.014508925392749,2.1,34.0,,11.74
407,TikTok,Consideration,Finance,No,Intermediate,14.0,15723.0,208984.0,72533.0,6,5.593283117024285,1.26,69.4,,39.6
408,Google Ads,Consideration,Finance,No,Novice,18.0,3920.0,69024.0,28709.0,7,2.2435571134484267,1.73,84.6,,27.37
409,Facebook,Awareness,Education,No,Expert,14.0,3541.0,46958.0,77628.0,4,4.996334355824747,2.49,91.2,,55.1
410,Instagram,Consideration,Technology,No,Intermediate,10.0,2237.0,20377.0,166151.0,4,3.620270634413306,2.09,40.1,,46.3
411,Instagram,Consideration,Education,No,Intermediate,18.0,9141.0,168820.0,102894.0,4,3.548437817675768,2.47,99.7,,39.76
412,Facebook,Consideration,Education,No,Intermediate,25.0,9461.0,238973.0,47548.0,8,2.532536100481748,1.93,60.3,,25.13
413,Email,Awareness,Education,No,Expert,10.0,717.0,6784.0,90135.0,6,5.137896935153735,2.27,78.0,,46.07
414,Instagram,Consideration,Finance,No,Intermediate,22.0,3335.0,74542.0,113526.0,6,3.8175920944631985,1.43,81.7,,18.62
415,Email,Consideration,Hospitality,Yes,Intermediate,14.0,11570.0,166968.0,98891.0,2,,2.13,50.1,41971.379422841506,45.39
416,Facebook,Awareness,Finance,No,Intermediate,6.0,5822.0,35083.0,114877.0,5,1.0570401470756905,2.83,71.4,,37.41
417,Facebook,Conversion,Retail,Yes,Novice,36.0,3346.0,114330.0,72264.0,2,3.975050145381761,1.45,59.7,67472.11222554531,33.53
418,Email,Awareness,Finance,No,Novice,13.0,3846.0,45874.0,54477.0,2,2.4918578124378894,1.88,47.0,,25.22
419,Facebook,Awareness,Finance,Yes,Intermediate,32.0,5337.0,191094.0,421970.0,5,3.6561918497975814,1.97,38.3,6823.228784506635,28.83
420,Instagram,Consideration,Hospitality,No,Novice,21.0,5809.0,118597.0,76169.0,6,5.202700910725179,0.93,61.4,,6.27
421,Google Ads,Conversion,Retail,No,Expert,8.0,931.0,7330.0,39559.0,6,1.3569056365793462,1.14,71.6,,34.31
422,Instagram,Conversion,Finance,No,Novice,12.0,9244.0,114829.0,208681.0,7,2.7577964690263386,2.12,57.0,,36.46
423,Facebook,Awareness,Technology,No,Novice,33.0,12027.0,417574.0,91611.0,3,,2.1,56.4,,18.71
424,Email,Conversion,Retail,Yes,Novice,15.0,4359.0,68280.0,17666.0,3,4.890738570641916,1.58,29.3,15207.20854024461,29.28
425,Google Ads,Consideration,Retail,No,Intermediate,4.0,2189.0,8020.0,125992.0,6,4.854851587687074,2.38,70.7,,70.73
426,Instagram,Conversion,Retail,Yes,Novice,9.0,651.0,6077.0,234633.0,3,2.294907349491917,0.81,52.7,10841.655140112287,17.24
427,Google Ads,Consideration,Hospitality,Yes,Novice,29.0,7428.0,206465.0,87702.0,6,3.8913156654306076,2.93,79.6,20364.52380208417,29.51
428,Google Ads,Awareness,Finance,No,Intermediate,24.0,22323.0,503080.0,51443.0,3,3.2012243586675626,2.06,67.8,,20.29
429,Instagram,Conversion,Hospitality,Yes,Intermediate,8.0,6717.0,53333.0,16540.0,6,5.343593994483251,1.87,58.8,64196.72850163924,75.23
430,Facebook,Awareness,Hospitality,No,Intermediate,24.0,8234.0,216683.0,87284.0,3,3.3094991771040694,0.78,49.1,,14.31
431,Instagram,Consideration,Technology,Yes,Novice,6.0,8337.0,47210.0,50528.0,6,2.520208925427612,0.13,75.7,79930.41958464957,15.69
432,Facebook,Consideration,Retail,No,Intermediate,7.0,15029.0,101006.0,261524.0,3,0.6061611466070516,0.02,31.8,,-2.99
433,Instagram,Consideration,Retail,No,Expert,31.0,14616.0,462432.0,113585.0,4,2.479290545582832,1.06,66.5,,-60.87
434,Google Ads,Awareness,Hospitality,No,Intermediate,10.0,852.0,8718.0,17919.0,4,,0.94,34.7,,11.05
435,Facebook,Conversion,Hospitality,No,Intermediate,16.0,500.0,7997.0,33816.0,2,3.327841476656912,2.29,26.5,,32.19
436,TikTok,Conversion,Finance,No,Intermediate,3.0,1889.0,6440.0,61117.0,6,,2.03,85.1,,42.23
437,Google Ads,Awareness,Technology,Yes,Expert,6.0,4334.0,27522.0,153299.0,2,3.621441674425428,1.12,45.2,29053.059855529635,32.36
438,Facebook,Awareness,Finance,No,Intermediate,24.0,3193.0,79682.0,146001.0,5,3.6509826309734335,0.72,57.0,,-3.33
439,Instagram,Consideration,Education,Yes,Novice,8.0,3429.0,30038.0,205417.0,6,3.3925042234400973,0.72,35.4,124972.29665691618,4.51
440,Google Ads,Conversion,Education,No,Novice,16.0,3182.0,51244.0,81857.0,9,0.6021579306913978,0.85,84.9,,9.3
441,Instagram,Awareness,Finance,No,Intermediate,11.0,14550.0,159800.0,92201.0,5,2.0689457388996098,1.5,37.9,,-5.9
442,TikTok,Conversion,Finance,Yes,Intermediate,22.0,5294.0,119912.0,122659.0,4,3.3936378773744056,0.02,99.6,120204.18635956866,21.98
443,Facebook,Awareness,Finance,Yes,Expert,9.0,1962.0,17139.0,162730.0,4,3.8750746228637962,3.4,71.7,37172.79649354748,74.9
444,Facebook,Conversion,Retail,No,Expert,31.0,20544.0,654314.0,80361.0,4,2.782611989058939,2.56,80.4,,26.5
445,Facebook,Conversion,Technology,No,Novice,12.0,1027.0,11730.0,23255.0,6,2.6509458703648825,2.45,40.8,,57.55
446,Google Ads,Awareness,Retail,No,Intermediate,4.0,13183.0,55677.0,35572.0,9,4.789142487437604,2.04,75.3,,56.37
447,Google Ads,Awareness,Retail,No,Intermediate,10.0,27805.0,249492.0,91341.0,6,,1.43,48.8,,25.35
448,TikTok,Consideration,Technology,No,Expert,11.0,10303.0,114048.0,167771.0,2,2.5887651999874937,1.18,90.5,,20.44
449,Google Ads,Awareness,Finance,No,Novice,15.0,12032.0,181043.0,123943.0,6,7.505077619772739,1.61,60.1,,9.28
450,Email,Consideration,Retail,No,Expert,11.0,12659.0,150466.0,80091.0,4,1.3539070317088235,0.65,26.1,,14.01
451,Google Ads,Conversion,Retail,No,Novice,3.0,1772.0,5532.0,105094.0,7,2.3989766013134246,1.34,27.7,,19.64
452,Email,Consideration,Finance,No,Intermediate,15.0,19497.0,288389.0,67594.0,2,2.612261335753511,1.68,71.4,,15.21
453,Facebook,Consideration,Finance,No,Novice,4.0,10132.0,42247.0,62227.0,1,2.7483823037068325,1.15,35.1,,12.76
454,TikTok,Consideration,Technology,Yes,Expert,24.0,5671.0,121613.0,100594.0,1,4.773909626681266,0.94,35.9,74391.87032899285,27.35
455,Facebook,Conversion,Retail,No,Novice,21.0,1683.0,36198.0,31220.0,2,3.166157241759117,3.09,46.0,,26.96
456,Facebook,Awareness,Hospitality,No,Expert,15.0,15558.0,258199.0,40304.0,3,1.888346397701361,1.94,51.3,,-6.61
457,Email,Conversion,Technology,Yes,Novice,15.0,8657.0,134252.0,69901.0,4,4.219020720431614,0.94,55.4,22103.42129515626,44.54
458,Facebook,Conversion,Hospitality,Yes,Intermediate,14.0,11855.0,174408.0,221701.0,4,2.6292759535831145,1.88,100.0,21523.310758007272,15.37
459,Instagram,Consideration,Hospitality,Yes,Intermediate,30.0,12005.0,351968.0,55715.0,5,3.053785800609359,2.81,80.4,78706.16021210125,27.22
460,Facebook,Conversion,Technology,No,Expert,10.0,4813.0,46388.0,128098.0,10,4.220720152749646,0.56,50.2,,30.39
461,Google Ads,Awareness,Retail,No,Novice,21.0,4682.0,92962.0,269945.0,5,3.6077372708344955,2.66,0.0,,26.96
462,Google Ads,Awareness,Retail,No,Expert,7.0,13241.0,88199.0,100862.0,10,4.340104479172388,2.05,54.8,,44.83
463,Instagram,Awareness,Finance,No,Intermediate,18.0,6650.0,120962.0,98617.0,2,6.098411775921474,1.83,56.5,,22.0
464,Google Ads,Conversion,Technology,No,Intermediate,13.0,6618.0,85114.0,95723.0,5,1.9636188623634676,0.02,52.8,,22.33
465,Instagram,Awareness,Retail,No,Intermediate,5.0,3553.0,18632.0,117924.0,2,1.489009303383427,0.02,92.8,,-4.8
466,Email,Consideration,Finance,No,Intermediate,20.0,9341.0,180925.0,27930.0,5,1.085730433878453,2.61,48.6,,25.32
467,Facebook,Consideration,Hospitality,No,Novice,5.0,7291.0,39077.0,97785.0,4,4.5651924545855955,1.89,56.4,,20.84
468,Email,Awareness,Hospitality,Yes,Novice,20.0,2373.0,48160.0,30704.0,4,4.680388513138627,2.88,39.8,58501.305051502226,31.1
469,Google Ads,Awareness,Retail,No,Intermediate,23.0,8471.0,192637.0,27745.0,6,5.5916740443923105,1.46,32.6,,2.02
470,Google Ads,Awareness,Education,Yes,Expert,28.0,6491.0,168720.0,140261.0,4,4.311459648373598,3.85,74.9,37218.14781228395,47.28
471,Instagram,Awareness,Finance,Yes,Expert,10.0,11741.0,119866.0,192987.0,2,2.1373223632880345,2.8,50.6,38303.880924718185,38.83
472,Facebook,Awareness,Finance,No,Intermediate,13.0,13093.0,177015.0,82269.0,3,,3.0,23.8,,10.17
473,Facebook,Conversion,Technology,No,Novice,17.0,952.0,16470.0,49137.0,5,5.444169682417102,3.0,82.0,,52.93
474,Instagram,Awareness,Education,No,Novice,13.0,7309.0,90218.0,66671.0,5,2.4501813838876294,1.46,66.8,,0.91
475,Google Ads,Consideration,Retail,No,Intermediate,18.0,3602.0,65585.0,315938.0,7,4.192840971869369,1.42,36.4,,29.08
476,Facebook,Awareness,Finance,No,Intermediate,7.0,4433.0,28531.0,67677.0,6,3.9729658331544186,1.4,57.5,,33.56
477,Facebook,Conversion,Hospitality,No,Expert,18.0,6740.0,121282.0,172706.0,4,4.116227225979047,0.59,100.0,,44.48
478,Google Ads,Consideration,Hospitality,No,Expert,32.0,14039.0,446052.0,42748.0,5,6.84395999937555,2.23,88.6,,42.6
479,Email,Conversion,Retail,No,Novice,7.0,3717.0,23349.0,22777.0,4,4.313707233400965,1.01,56.6,,43.54
480,Email,Consideration,Retail,Yes,Novice,19.0,9751.0,185780.0,31357.0,2,2.9530735807284567,0.09,47.5,43895.92540933495,24.83
481,Instagram,Awareness,Retail,No,Intermediate,33.0,16322.0,576251.0,24659.0,7,4.279134609302193,1.49,74.0,,15.99
482,Instagram,Conversion,Retail,No,Novice,18.0,7220.0,130136.0,188345.0,6,1.7280002769722127,1.45,59.4,,30.46
483,TikTok,Awareness,Finance,Yes,Expert,13.0,7664.0,101909.0,79864.0,7,2.3327059425807835,2.12,96.8,20937.440231626428,37.32
484,Email,Awareness,Technology,No,Novice,45.0,7871.0,336142.0,29213.0,7,3.263884548024176,3.71,74.3,,47.73
485,Google Ads,Consideration,Hospitality,No,Novice,20.0,12923.0,256286.0,11548.0,3,2.383684756626853,1.18,37.2,,9.83
486,Facebook,Awareness,Technology,No,Intermediate,9.0,8250.0,72447.0,197981.0,5,2.703733447557155,2.26,26.4,,6.05
487,Google Ads,Awareness,Finance,No,Intermediate,35.0,10682.0,366380.0,63801.0,6,4.1931117660417225,2.16,61.1,,23.93
488,Google Ads,Conversion,Technology,Yes,Intermediate,12.0,3687.0,45702.0,94699.0,3,3.1069564087044665,2.27,53.2,46115.28728269399,20.45
489,Instagram,Awareness,Education,No,Intermediate,12.0,18476.0,210220.0,107660.0,4,4.731196131064947,2.97,66.4,,32.82
490,TikTok,Awareness,Education,No,Novice,7.0,4781.0,33350.0,39987.0,5,1.6288929187779626,2.21,65.4,,-3.73
491,Instagram,Conversion,Retail,Yes,Expert,13.0,1289.0,15456.0,10142.0,5,2.1275891458925535,2.55,38.2,34935.72046619669,52.56
492,Google Ads,Consideration,Retail,No,Expert,16.0,2382.0,37003.0,108314.0,6,,1.62,38.6,,49.31
493,TikTok,Awareness,Retail,No,Intermediate,14.0,14463.0,200184.0,180855.0,6,2.462760862593581,2.92,61.0,,8.31
494,Google Ads,Awareness,Finance,Yes,Intermediate,29.0,1631.0,50719.0,23196.0,6,2.1034175661368755,2.0,70.4,58429.40065148261,1.4
495,Google Ads,Consideration,Retail,Yes,Expert,5.0,19368.0,105284.0,50804.0,4,2.4561255928783123,2.47,69.4,5960.7353610286045,33.08
496,Facebook,Awareness,Retail,No,Novice,26.0,5137.0,140638.0,66605.0,5,3.315102439374897,2.1,67.4,,17.67
497,Email,Conversion,Hospitality,Yes,Expert,7.0,10865.0,75615.0,47134.0,6,5.168752207091702,2.01,45.3,129720.55274906626,52.77
498,Email,Conversion,Hospitality,No,Expert,12.0,8670.0,110255.0,30715.0,6,5.1686157080865645,0.24,34.7,,61.55
499,TikTok,Awareness,Education,No,Intermediate,6.0,4722.0,30567.0,14673.0,3,4.780885701603391,1.4,84.3,,45.56
500,Instagram,Conversion,Technology,Yes,Novice,8.0,8647.0,66787.0,52136.0,2,3.2893857548213434,1.27,40.8,108774.31709996174,38.46
501,Email,Conversion,Hospitality,Yes,Intermediate,21.0,4519.0,89703.0,111270.0,6,4.1048853296109264,0.85,66.1,133540.97341344802,24.06
502,Google Ads,Conversion,Finance,Yes,Novice,9.0,2011.0,18775.0,89648.0,7,6.906349602648462,1.8,68.0,57227.186906364055,56.78
503,Instagram,Consideration,Finance,No,Intermediate,18.0,14598.0,259004.0,24784.0,2,3.2713858183741205,1.11,80.6,,20.68
504,Google Ads,Awareness,Finance,No,Novice,30.0,14884.0,428285.0,46940.0,5,1.3838222106549383,0.98,57.6,,-9.42
505,Google Ads,Consideration,Retail,No,Novice,28.0,2607.0,75952.0,133680.0,1,3.2518187200620816,2.56,56.0,,18.05
506,Google Ads,Awareness,Retail,No,Novice,17.0,8852.0,156119.0,49748.0,4,3.3475669300940174,1.13,79.9,,9.12
507,Instagram,Conversion,Hospitality,No,Intermediate,20.0,3044.0,63168.0,75801.0,6,3.682795368258426,2.43,66.1,,35.78
508,Instagram,Consideration,Hospitality,Yes,Intermediate,4.0,7283.0,29325.0,178168.0,1,3.972436118330405,1.8,43.5,96917.30564386792,41.46
509,Facebook,Awareness,Education,Yes,Expert,12.0,8603.0,112576.0,148880.0,9,4.651225400728922,1.75,54.6,112643.19484284852,37.05
510,Facebook,Awareness,Technology,No,Novice,13.0,11267.0,138869.0,126201.0,8,2.6474879668922284,2.76,69.0,,24.28
511,Instagram,Conversion,Hospitality,Yes,Novice,15.0,13137.0,180950.0,77898.0,8,3.43500420924478,3.55,44.1,102456.02847740125,12.51
512,Instagram,Conversion,Technology,No,Intermediate,6.0,7322.0,40948.0,74629.0,11,5.378161645737643,0.82,89.8,,42.19
513,Facebook,Awareness,Retail,Yes,Intermediate,11.0,10617.0,117297.0,115393.0,8,3.189677761127423,2.68,70.9,28348.974703439904,24.13
514,Email,Consideration,Technology,Yes,Novice,15.0,6390.0,92649.0,67061.0,8,2.8453269822724496,1.73,68.0,19430.382039943815,26.85
515,Facebook,Consideration,Finance,Yes,Novice,18.0,3759.0,64005.0,18118.0,6,3.93417261879309,0.35,60.5,8484.463173317961,14.95
516,Facebook,Awareness,Hospitality,Yes,Intermediate,5.0,2821.0,13280.0,104635.0,4,4.5659648434907085,2.26,4.8,25066.459009171438,-50.97
517,Google Ads,Awareness,Hospitality,Yes,Intermediate,15.0,7070.0,102056.0,89548.0,3,2.1662365189286725,0.73,58.5,114513.80029428884,20.09
518,Google Ads,Awareness,Technology,No,Novice,30.0,7310.0,224760.0,67552.0,3,2.1322708244742676,1.34,57.6,,-1.48
519,Facebook,Consideration,Retail,Yes,Novice,19.0,7792.0,155620.0,231689.0,3,2.887981120791356,0.3,43.0,15249.702305509536,0.31
520,Google Ads,Consideration,Education,Yes,Novice,19.0,9221.0,179615.0,93361.0,6,4.403345706078593,2.44,76.1,23286.905725179076,21.99
521,Instagram,Awareness,Technology,No,Expert,18.0,9078.0,171480.0,61643.0,4,2.133025607350392,2.19,47.0,,20.64
522,Google Ads,Conversion,Technology,No,Intermediate,23.0,7820.0,169422.0,59778.0,4,5.7146470553544475,0.02,11.7,,25.05
523,Email,Conversion,Education,No,Intermediate,11.0,6257.0,67853.0,77104.0,5,6.603903408283578,1.23,38.1,,39.19
524,Email,Awareness,Retail,No,Intermediate,19.0,6161.0,124501.0,71656.0,7,8.382498141470656,1.41,58.5,,44.45
525,Google Ads,Conversion,Retail,Yes,Intermediate,14.0,7998.0,112278.0,126765.0,5,2.781890963028879,1.32,78.9,47434.281558654504,39.33
526,Google Ads,Awareness,Education,No,Expert,19.0,4814.0,94177.0,69737.0,5,4.916741083888859,3.41,64.2,,54.92
527,TikTok,Conversion,Hospitality,Yes,Intermediate,7.0,13830.0,91592.0,58313.0,6,3.4580910719478903,1.51,12.5,9105.04730703144,29.43
528,Facebook,Consideration,Technology,Yes,Intermediate,8.0,4229.0,32009.0,59001.0,8,3.3559260592279574,1.01,86.6,30921.88529670145,35.18
529,Facebook,Conversion,Technology,Yes,Intermediate,13.0,17617.0,240659.0,64081.0,4,3.574766406552711,0.9,69.4,82460.07799903491,19.9
530,Facebook,Consideration,Retail,No,Intermediate,21.0,3906.0,76570.0,56093.0,5,4.016364151132659,2.39,22.1,,38.0
531,Email,Consideration,Technology,No,Novice,30.0,6207.0,179623.0,52113.0,6,4.427626717548376,0.87,40.4,,19.36
532,Facebook,Awareness,Hospitality,No,Intermediate,31.0,11280.0,339088.0,43868.0,5,3.165876874519765,1.45,26.7,,15.15
533,Instagram,Conversion,Finance,Yes,Novice,4.0,13880.0,48438.0,351974.0,5,4.389161487235528,2.39,87.7,28472.46549033931,46.7
534,Facebook,Consideration,Technology,Yes,Intermediate,25.0,9583.0,234567.0,331174.0,3,,2.03,37.6,111128.87462161023,34.1
535,Instagram,Awareness,Retail,No,Novice,8.0,13248.0,98848.0,113984.0,6,4.558714341942064,1.94,72.7,,27.66
536,Facebook,Consideration,Finance,No,Novice,13.0,18420.0,244315.0,142693.0,8,5.272911833599355,0.78,64.7,,19.26
537,Facebook,Conversion,Technology,Yes,Intermediate,12.0,1235.0,14396.0,25726.0,4,2.3500138377765185,1.39,49.3,6176.823639636289,37.45
538,TikTok,Consideration,Retail,No,Novice,18.0,4990.0,88314.0,124567.0,5,3.7143189514128694,1.56,53.9,,1.75
539,TikTok,Conversion,Technology,Yes,Expert,11.0,1553.0,18046.0,85616.0,3,4.907840161249212,1.45,38.1,34315.07864895176,37.94
540,Instagram,Conversion,Education,Yes,Novice,13.0,5824.0,82840.0,98523.0,7,4.7884362063165025,1.01,76.2,82872.11097206669,35.16
541,Google Ads,Consideration,Finance,Yes,Novice,15.0,7725.0,109807.0,54611.0,4,3.938989086946734,1.87,26.4,75114.42130756374,13.35
542,Instagram,Consideration,Finance,No,Intermediate,4.0,1710.0,6126.0,142945.0,3,,1.52,75.4,,39.11
543,Facebook,Awareness,Technology,No,Novice,9.0,3328.0,28514.0,62210.0,4,0.3251857359349808,0.32,87.1,,15.48
544,TikTok,Awareness,Technology,No,Novice,16.0,7450.0,126859.0,106167.0,9,3.5999807421681203,1.01,69.9,,17.62
545,Facebook,Consideration,Retail,No,Intermediate,47.0,11053.0,515147.0,89736.0,5,2.6609378653561384,2.21,51.7,,14.58
546,Email,Consideration,Education,Yes,Intermediate,17.0,500.0,7858.0,11967.0,7,1.247123801793232,2.08,49.2,8616.2464177412,30.04
547,Instagram,Awareness,Retail,No,Intermediate,5.0,7477.0,38592.0,66168.0,5,5.154478390651493,1.15,71.7,,34.7
548,Instagram,Conversion,Technology,No,Expert,7.0,1802.0,13288.0,106891.0,7,1.3269052820043727,1.88,58.9,,27.76
549,Google Ads,Conversion,Education,No,Novice,7.0,3085.0,20798.0,60695.0,5,0.05,1.66,26.2,,20.53
550,Instagram,Awareness,Technology,No,Novice,18.0,4204.0,77103.0,413926.0,1,6.247047561082459,0.61,56.0,,34.37
551,Instagram,Conversion,Finance,Yes,Novice,3.0,3582.0,10830.0,61511.0,3,2.9402277032215762,4.14,54.9,32729.905126576985,64.61
552,TikTok,Conversion,Education,Yes,Intermediate,8.0,12516.0,99277.0,101240.0,3,3.7558279183211525,3.33,70.1,77003.36777536855,58.8
553,Instagram,Conversion,Technology,Yes,Expert,11.0,7719.0,85069.0,100694.0,4,5.9624662391790295,1.62,52.5,9696.432769750296,48.64
554,Facebook,Awareness,Retail,Yes,Intermediate,11.0,2618.0,28918.0,32380.0,5,2.064917817107158,2.92,49.6,6266.96255588054,6.22
555,Google Ads,Awareness,Technology,No,Expert,25.0,1511.0,37663.0,26983.0,2,2.6353743428939755,1.67,89.9,,33.79
556,Facebook,Conversion,Retail,No,Intermediate,18.0,8078.0,148014.0,115275.0,7,5.79546738633135,1.54,60.3,,28.06
557,Facebook,Awareness,Hospitality,No,Expert,13.0,5735.0,80186.0,58784.0,6,0.8370417670566623,2.35,75.3,,24.62
558,Instagram,Conversion,Hospitality,No,Intermediate,4.0,9553.0,42183.0,93696.0,3,1.7067264364837715,2.8,94.6,,43.05
559,Email,Conversion,Technology,No,Intermediate,7.0,5416.0,37340.0,70207.0,5,4.091215193641066,2.17,73.9,,59.55
560,TikTok,Awareness,Finance,Yes,Expert,18.0,8964.0,156566.0,85185.0,5,4.171940634518167,2.11,66.9,15929.608950637406,28.04
561,TikTok,Awareness,Retail,No,Intermediate,15.0,2535.0,37078.0,59375.0,3,3.126673254816951,1.22,40.5,,35.81
562,TikTok,Consideration,Technology,No,Expert,10.0,10067.0,102135.0,76990.0,5,0.2862930488770603,1.51,50.5,,2.98
563,Google Ads,Conversion,Technology,Yes,Novice,8.0,16635.0,132623.0,53993.0,6,3.1250079582460413,2.2,41.6,14234.049825906575,28.7
564,Google Ads,Consideration,Hospitality,No,Novice,29.0,9955.0,308964.0,81486.0,6,0.05,2.91,100.0,,30.39
565,TikTok,Awareness,Education,No,Novice,9.0,16658.0,163642.0,38040.0,7,4.668979313400702,0.61,63.6,,12.7
566,Instagram,Awareness,Retail,No,Novice,24.0,10793.0,274396.0,68785.0,6,4.319038359083606,2.5,93.2,,22.27
567,Email,Consideration,Retail,Yes,Novice,19.0,1743.0,31013.0,223305.0,5,2.4111645941668747,0.89,54.8,51104.60088729084,2.95
568,TikTok,Consideration,Retail,Yes,Intermediate,42.0,5495.0,228198.0,94448.0,5,4.191962671628431,1.79,31.5,74083.12410321255,31.74
569,Google Ads,Consideration,Technology,Yes,Expert,5.0,3209.0,14789.0,34291.0,8,1.5692571505275468,0.81,57.6,6034.920806362055,24.68
570,TikTok,Conversion,Finance,Yes,Expert,3.0,3901.0,11730.0,93883.0,5,1.5673604719451177,1.49,39.2,138007.29825084063,40.51
571,Google Ads,Consideration,Hospitality,Yes,Intermediate,22.0,7055.0,161778.0,17220.0,6,3.3664927639300424,1.68,52.6,97991.4982233146,10.98
572,Facebook,Consideration,Retail,No,Novice,11.0,22274.0,234330.0,77759.0,5,3.490424040751748,0.62,57.7,,-2.88
573,Instagram,Awareness,Retail,Yes,Novice,7.0,5024.0,35586.0,7497.0,7,3.9616027350077028,3.8,55.2,33530.72365747671,43.53
574,Facebook,Awareness,Hospitality,Yes,Novice,20.0,19876.0,392620.0,302401.0,8,3.967085876187052,1.28,38.1,18364.417809867708,-5.21
575,Facebook,Conversion,Education,No,Intermediate,11.0,9712.0,108426.0,46038.0,5,2.5379307779292253,2.05,77.0,,33.56
576,Instagram,Consideration,Hospitality,No,Intermediate,5.0,11382.0,59695.0,16699.0,5,,3.22,42.9,,28.12
577,Instagram,Conversion,Retail,Yes,Novice,4.0,6061.0,26765.0,18339.0,3,,0.72,92.6,133192.81956494245,20.1
578,Google Ads,Conversion,Technology,No,Expert,31.0,5141.0,164025.0,154776.0,3,3.021395708028852,0.02,69.9,,28.57
579,Google Ads,Conversion,Education,No,Intermediate,5.0,4402.0,21675.0,79699.0,2,2.6367980368356294,1.71,57.5,,34.0
580,Google Ads,Conversion,Finance,Yes,Intermediate,20.0,16527.0,312680.0,40389.0,3,1.0635023268601649,0.77,54.9,41448.503102007264,26.76
581,Instagram,Awareness,Hospitality,No,Novice,25.0,18216.0,466443.0,179852.0,5,3.4458625043588427,2.4,64.3,,-15.45
582,Email,Awareness,Technology,No,Novice,13.0,5195.0,66038.0,117742.0,8,3.450801859860131,1.44,64.0,,11.51
583,TikTok,Conversion,Retail,No,Novice,14.0,5594.0,81284.0,118021.0,5,,1.11,36.3,,12.23
584,Email,Awareness,Retail,No,Expert,6.0,5104.0,34398.0,22945.0,4,3.508717220535117,1.26,26.2,,27.79
585,Google Ads,Consideration,Retail,No,Novice,15.0,5127.0,71295.0,216463.0,5,,0.02,23.2,,-2.76
586,Instagram,Conversion,Technology,No,Expert,17.0,10212.0,169205.0,47501.0,6,3.758611398986692,2.21,81.8,,44.88
587,Email,Conversion,Finance,No,Intermediate,25.0,1260.0,31892.0,61158.0,5,4.430383739277252,1.75,71.4,,33.37
588,Instagram,Consideration,Retail,No,Expert,11.0,5870.0,65367.0,182174.0,4,2.861812293837072,2.61,48.9,,12.09
589,Email,Consideration,Retail,Yes,Novice,4.0,4449.0,16076.0,49002.0,3,4.684343433177016,3.13,16.2,45962.800244503815,40.21
590,Google Ads,Consideration,Retail,No,Novice,15.0,4347.0,63465.0,131222.0,6,,2.35,57.2,,40.5
591,Instagram,Consideration,Retail,No,Novice,37.0,9531.0,340197.0,34714.0,8,3.8194790556790172,2.39,50.4,,31.66
592,Instagram,Conversion,Hospitality,No,Expert,42.0,13053.0,551823.0,27364.0,5,2.7462534022035547,0.02,83.6,,-2.92
593,Facebook,Consideration,Hospitality,No,Expert,8.0,10319.0,84845.0,62597.0,9,4.6567844359920825,2.85,27.6,,38.39
594,TikTok,Awareness,Hospitality,Yes,Intermediate,10.0,5598.0,53680.0,155339.0,3,1.2480212065616894,2.72,48.5,99862.0753826456,35.56
595,Instagram,Awareness,Education,Yes,Intermediate,3.0,20810.0,65520.0,125565.0,3,2.7308087862621875,1.07,90.5,18136.426181314873,46.21
596,Instagram,Awareness,Hospitality,No,Expert,26.0,16301.0,421024.0,70743.0,4,1.721815224993354,1.95,41.4,,-7.62
597,TikTok,Awareness,Education,Yes,Intermediate,9.0,4641.0,47144.0,63144.0,6,3.6153357733963336,0.77,75.7,133041.91650426152,21.5
598,Google Ads,Awareness,Retail,No,Intermediate,13.0,14526.0,184366.0,56421.0,4,3.4676021923524463,2.02,49.3,,41.43
599,Email,Consideration,Education,Yes,Novice,6.0,3300.0,18574.0,38274.0,3,3.1143091504748153,2.14,75.9,76520.48321918957,52.53
600,Facebook,Conversion,Education,No,Intermediate,9.0,6647.0,59838.0,94560.0,8,2.5050535905439832,3.04,24.5,,7.43
601,Facebook,Consideration,Education,No,Intermediate,3.0,5958.0,17872.0,11468.0,3,5.400218704498703,2.11,72.7,,43.86
602,Email,Awareness,Technology,No,Intermediate,30.0,21252.0,619456.0,28571.0,6,3.7266393348704536,1.76,37.0,,7.16
603,Facebook,Conversion,Technology,Yes,Intermediate,8.0,10585.0,90648.0,59945.0,4,4.040599330778509,2.08,80.9,12666.585777542368,51.18
604,Google Ads,Conversion,Retail,No,Expert,11.0,3335.0,36938.0,139070.0,7,3.1749389051489545,1.64,51.9,,48.23
605,Facebook,Conversion,Finance,No,Intermediate,6.0,7520.0,39623.0,62867.0,4,3.5313645884517495,1.51,73.5,,43.71
606,Facebook,Conversion,Finance,No,Intermediate,14.0,11979.0,171829.0,39416.0,6,1.2070435434051028,1.15,43.4,,25.5
607,Facebook,Consideration,Education,No,Novice,11.0,4597.0,50660.0,102885.0,3,2.768017391818684,0.03,42.7,,-1.12
608,Instagram,Awareness,Finance,No,Intermediate,7.0,9651.0,67944.0,150868.0,2,3.8896371675222277,3.13,63.1,,29.33
609,Facebook,Conversion,Retail,No,Novice,13.0,14613.0,192127.0,216949.0,5,2.9152986915350154,2.37,65.3,,33.5
610,Facebook,Conversion,Hospitality,Yes,Novice,15.0,5010.0,73824.0,84240.0,1,2.8295615968468963,2.87,70.1,15713.666088703978,37.21
611,Google Ads,Awareness,Technology,Yes,Intermediate,8.0,8790.0,74393.0,65298.0,6,3.745143332804044,0.66,29.5,76177.54794555274,15.56
612,TikTok,Conversion,Finance,No,Expert,22.0,9468.0,216874.0,89390.0,5,2.8021512498632863,2.09,82.4,,36.33
613,Google Ads,Consideration,Retail,No,Novice,22.0,6451.0,134515.0,44926.0,3,1.7775703120962032,1.81,55.6,,16.84
614,Instagram,Consideration,Finance,Yes,Intermediate,15.0,7883.0,112225.0,58370.0,3,4.705055561102538,1.06,74.3,118041.02924344849,25.62
615,Instagram,Conversion,Education,Yes,Intermediate,13.0,3700.0,44658.0,34747.0,6,,3.37,42.8,5000.0,47.51
616,Instagram,Consideration,Technology,No,Novice,4.0,3159.0,13924.0,53848.0,3,3.4054246792886858,2.1,46.2,,13.5
617,TikTok,Conversion,Education,Yes,Intermediate,26.0,6285.0,175078.0,83456.0,7,0.5320301146207544,1.33,73.3,23623.122122973346,15.94
618,TikTok,Awareness,Education,No,Intermediate,18.0,8934.0,169301.0,23374.0,6,1.743974290613403,1.47,54.5,,-3.92
619,Facebook,Awareness,Finance,No,Expert,15.0,5463.0,79198.0,68913.0,5,5.8465485027363675,2.45,53.4,,36.59
620,TikTok,Consideration,Retail,Yes,Novice,11.0,2707.0,31442.0,103006.0,7,4.662266190553684,2.04,35.0,12454.113450953808,29.14
621,TikTok,Awareness,Education,Yes,Intermediate,9.0,12420.0,115373.0,37186.0,9,0.05,0.75,76.9,66785.8839631349,9.18
622,TikTok,Awareness,Retail,Yes,Intermediate,41.0,2054.0,80622.0,284283.0,4,3.724980446773247,2.38,17.5,17849.93205063634,6.57
623,Google Ads,Conversion,Retail,Yes,Intermediate,15.0,7367.0,110376.0,93613.0,3,0.7824152734356074,2.14,50.4,36856.125060184604,24.44
624,Email,Awareness,Technology,No,Novice,7.0,2269.0,16375.0,95864.0,4,3.5896526722842745,1.92,65.3,,14.45
625,Instagram,Conversion,Retail,Yes,Intermediate,22.0,2065.0,43774.0,132997.0,9,3.9090947678925376,0.88,49.0,43056.69886601931,24.47
626,Facebook,Awareness,Retail,No,Expert,19.0,1559.0,32108.0,55970.0,5,0.05,1.47,76.5,,9.59
627,Google Ads,Conversion,Technology,No,Expert,27.0,1070.0,28363.0,70562.0,4,3.8698603576741344,1.31,40.7,,30.48
628,Facebook,Consideration,Education,No,Intermediate,27.0,1117.0,30714.0,187747.0,3,4.737738346662716,0.77,47.5,,53.46
629,Google Ads,Conversion,Retail,Yes,Novice,24.0,3998.0,94461.0,78409.0,7,1.1104276316847113,0.98,56.6,74691.27728823472,24.06
630,Instagram,Conversion,Finance,No,Expert,7.0,5335.0,38411.0,79299.0,3,3.9889534291809103,1.47,58.2,,58.96
631,Facebook,Conversion,Hospitality,No,Novice,32.0,3761.0,123788.0,63056.0,7,2.2663868396062212,0.13,55.4,,-4.68
632,Facebook,Consideration,Technology,No,Expert,27.0,8316.0,240097.0,35250.0,4,0.6392964814832034,2.49,6.6,,19.55
633,TikTok,Consideration,Retail,Yes,Intermediate,22.0,3388.0,74068.0,61331.0,2,,2.93,48.1,26868.836274993137,34.71
634,TikTok,Consideration,Finance,Yes,Intermediate,6.0,9350.0,60630.0,442416.0,3,3.6521789668567797,1.91,77.5,72046.21422576191,36.27
635,Google Ads,Conversion,Retail,Yes,Expert,25.0,12305.0,310024.0,98274.0,6,3.3146546024026957,2.6,24.2,74755.77086420037,28.63
636,TikTok,Consideration,Retail,No,Intermediate,16.0,21357.0,331501.0,140251.0,6,4.688719604097949,1.9,66.3,,18.83
637,Instagram,Conversion,Retail,Yes,Intermediate,11.0,4429.0,47434.0,37468.0,2,3.997304944238214,2.21,55.6,63943.0200182678,48.9
638,Instagram,Consideration,Retail,Yes,Intermediate,28.0,8661.0,226366.0,313602.0,4,,2.44,65.8,72797.01162753541,43.29
639,Facebook,Awareness,Retail,No,Novice,9.0,5934.0,51634.0,94481.0,10,6.8576861242517815,1.72,77.5,,11.35
640,TikTok,Awareness,Hospitality,Yes,Intermediate,13.0,5055.0,66639.0,128388.0,5,2.847912593548704,1.07,55.0,69102.83758412313,20.9
641,Instagram,Conversion,Technology,No,Intermediate,14.0,5416.0,71450.0,136205.0,5,,1.57,44.9,,-6.31
642,Instagram,Conversion,Finance,No,Intermediate,18.0,1290.0,23503.0,128167.0,4,1.5185064427217325,1.72,65.4,,35.13
643,TikTok,Awareness,Retail,No,Expert,13.0,6534.0,79884.0,13428.0,3,2.969811844617906,1.85,50.4,,17.51
644,Google Ads,Consideration,Hospitality,No,Expert,12.0,1251.0,16174.0,163626.0,5,1.392866489807271,1.73,59.1,,29.46
645,Instagram,Conversion,Retail,No,Novice,34.0,13089.0,425489.0,351351.0,4,5.082879646079424,0.22,65.2,,18.19
646,Facebook,Consideration,Hospitality,Yes,Intermediate,51.0,10529.0,570479.0,107233.0,7,5.424742154382212,1.41,68.1,42553.27494934829,-1.87
647,Instagram,Consideration,Hospitality,Yes,Expert,10.0,12531.0,120174.0,86824.0,4,4.8666322264941355,2.75,38.1,14542.10868651548,49.1
648,Facebook,Conversion,Technology,No,Intermediate,18.0,19374.0,342694.0,98008.0,6,2.510257429170436,1.59,53.4,,13.69
649,Google Ads,Awareness,Hospitality,Yes,Intermediate,22.0,9179.0,215112.0,161374.0,6,3.9821158749484735,1.74,59.0,103238.19461851678,34.17
650,Email,Consideration,Retail,Yes,Novice,8.0,29085.0,237099.0,134245.0,4,1.8122970337260607,0.85,41.0,39389.91517962031,-1.12
651,Instagram,Conversion,Retail,Yes,Novice,13.0,10712.0,140574.0,87890.0,3,3.426924888110578,0.27,66.6,31915.780313563064,7.84
652,Instagram,Awareness,Finance,No,Expert,8.0,11314.0,90535.0,200130.0,5,4.220493431245744,3.21,66.6,,46.07
653,TikTok,Awareness,Education,No,Expert,11.0,8243.0,93453.0,103442.0,3,0.05,1.38,28.0,,-11.12
654,Google Ads,Awareness,Technology,No,Intermediate,24.0,10613.0,243290.0,324624.0,3,4.142524868277487,0.59,10.7,,36.75
655,Google Ads,Conversion,Retail,No,Intermediate,16.0,11592.0,190206.0,211390.0,6,3.7089694262869015,1.77,76.1,,54.16
656,Google Ads,Conversion,Hospitality,No,Intermediate,15.0,1201.0,18956.0,138261.0,7,2.7165419175508707,1.81,31.3,,42.79
657,Email,Awareness,Finance,Yes,Expert,3.0,596.0,1755.0,53585.0,7,3.8418815556719768,1.39,24.4,109898.0890764347,30.15
658,Facebook,Conversion,Education,Yes,Expert,16.0,15251.0,248712.0,95658.0,7,3.669837202424022,0.49,69.9,12612.60083027056,25.94
659,Google Ads,Awareness,Education,No,Intermediate,7.0,2547.0,18368.0,156959.0,5,5.029285978621148,0.22,69.7,,20.84
660,Google Ads,Consideration,Technology,Yes,Intermediate,6.0,11289.0,68494.0,19828.0,7,3.197288506280692,2.45,32.1,145028.58063410272,30.15
661,Google Ads,Conversion,Education,No,Novice,13.0,14384.0,199237.0,6812.0,5,2.4812803281305564,2.44,65.7,,16.59
662,TikTok,Conversion,Retail,No,Intermediate,15.0,7802.0,113296.0,28517.0,2,4.18246985514059,2.12,35.5,,22.96
663,Google Ads,Consideration,Retail,Yes,Intermediate,8.0,18322.0,140242.0,279479.0,7,2.0777227343993734,1.78,82.0,95113.5441584799,51.72
664,Facebook,Awareness,Technology,No,Novice,18.0,5540.0,98815.0,25341.0,4,0.05,0.45,81.9,,-19.42
665,Google Ads,Conversion,Education,Yes,Novice,3.0,6142.0,18419.0,64385.0,2,5.668770475039845,1.97,26.5,90997.64481085508,62.76
666,Facebook,Consideration,Finance,No,Intermediate,17.0,21455.0,355727.0,84494.0,3,,0.87,55.0,,1.83
667,Email,Awareness,Hospitality,Yes,Intermediate,31.0,4922.0,153219.0,41412.0,3,5.385545829273049,2.3,75.7,25317.601306728437,56.15
668,Email,Consideration,Finance,No,Novice,3.0,23198.0,72658.0,86164.0,2,3.8249397031740884,1.6,35.8,,-1.92
669,Email,Conversion,Retail,No,Novice,8.0,11121.0,87624.0,67302.0,2,1.576885221377024,1.38,71.3,,13.87
670,Facebook,Conversion,Retail,Yes,Expert,28.0,8218.0,225985.0,16096.0,6,3.4099304115095235,2.33,50.2,24989.703596989104,38.65
671,Facebook,Awareness,Finance,No,Expert,11.0,2070.0,22065.0,66991.0,3,5.318200236744158,3.2,42.8,,23.19
672,Instagram,Conversion,Finance,No,Intermediate,28.0,4008.0,116830.0,158974.0,3,,2.74,44.8,,33.66
673,Email,Consideration,Finance,No,Intermediate,3.0,7537.0,24309.0,30810.0,2,,1.98,75.3,,12.6
674,Google Ads,Consideration,Technology,No,Expert,15.0,17487.0,256925.0,106685.0,5,1.9923248669219455,2.49,49.5,,29.68
675,Instagram,Awareness,Technology,Yes,Intermediate,5.0,4882.0,21737.0,168464.0,3,1.4992824764808406,1.92,66.7,34937.52219670237,27.65
676,Google Ads,Conversion,Hospitality,No,Intermediate,18.0,5026.0,86097.0,247479.0,7,1.7709395973665727,2.32,4.6,,11.93
677,Instagram,Awareness,Retail,Yes,Intermediate,7.0,5054.0,36978.0,268159.0,6,4.222317415708686,2.03,48.2,39966.03905492436,45.76
678,Facebook,Awareness,Technology,No,Intermediate,29.0,6258.0,189198.0,174174.0,4,4.39467916210619,1.32,46.7,,9.25
679,TikTok,Awareness,Retail,No,Intermediate,9.0,16658.0,154726.0,148151.0,7,4.32331519952077,1.76,60.7,,30.09
680,Google Ads,Consideration,Retail,Yes,Novice,20.0,4656.0,94309.0,121245.0,3,5.261326626267778,1.04,61.8,21179.701306281935,44.74
681,Instagram,Awareness,Technology,No,Novice,23.0,878.0,20663.0,171238.0,6,0.4410964542884681,1.4,59.3,,13.48
682,Email,Awareness,Education,No,Novice,21.0,7883.0,163654.0,41540.0,3,3.9141528198273594,2.65,31.3,,26.9
683,Google Ads,Awareness,Technology,No,Expert,12.0,582.0,7115.0,100222.0,2,6.061261509609334,0.53,35.4,,44.31
684,Instagram,Conversion,Finance,No,Novice,3.0,6561.0,19006.0,62589.0,4,1.6445881207943898,2.55,26.8,,35.56
685,Facebook,Awareness,Education,Yes,Expert,7.0,9892.0,65462.0,76396.0,3,5.311639443856128,3.1,88.0,32744.701815651868,70.12
686,Facebook,Conversion,Finance,No,Novice,10.0,500.0,4540.0,65288.0,5,1.873020488766707,2.72,73.0,,34.59
687,Instagram,Awareness,Hospitality,No,Novice,24.0,8020.0,186697.0,47964.0,2,2.3666008332780972,2.29,36.1,,22.72
688,Google Ads,Awareness,Finance,Yes,Intermediate,9.0,2777.0,24705.0,132682.0,6,,3.01,72.0,21073.858180049338,55.02
689,Email,Conversion,Hospitality,Yes,Novice,5.0,7215.0,35587.0,50155.0,2,1.3525759384555351,1.55,18.1,41518.80155206863,23.31
690,Google Ads,Conversion,Hospitality,Yes,Intermediate,11.0,5437.0,64244.0,143829.0,7,,2.15,100.0,20257.89975106404,34.12
691,TikTok,Conversion,Retail,No,Novice,13.0,1530.0,21690.0,6297.0,3,2.011703842043754,2.47,62.5,,31.02
692,Instagram,Awareness,Finance,No,Intermediate,30.0,6211.0,188921.0,65130.0,6,2.2986390178786995,2.58,80.3,,28.26
693,Instagram,Conversion,Hospitality,No,Intermediate,24.0,17438.0,423213.0,109762.0,5,4.425842523640022,0.02,69.5,,-87.02
694,Instagram,Consideration,Finance,No,Novice,13.0,11680.0,144546.0,270427.0,8,3.001852526510212,2.13,39.9,,12.86
695,Facebook,Conversion,Education,No,Intermediate,3.0,4248.0,12909.0,13835.0,4,1.831370943125137,1.71,37.7,,11.72
696,Google Ads,Awareness,Technology,No,Expert,15.0,6518.0,101503.0,266184.0,3,3.2449291081251777,1.98,32.9,,22.06
697,Google Ads,Awareness,Finance,No,Expert,14.0,8398.0,134275.0,216090.0,4,3.6163254620037764,1.06,45.2,,36.32
698,Instagram,Awareness,Retail,No,Novice,14.0,11634.0,165696.0,30302.0,6,4.81748611464272,3.07,78.8,,41.35
699,Google Ads,Conversion,Retail,No,Intermediate,20.0,21443.0,449820.0,130337.0,4,3.7162390294118524,1.22,53.1,,16.66
700,TikTok,Conversion,Hospitality,No,Intermediate,11.0,3796.0,42398.0,57250.0,2,,2.74,54.5,,36.31
701,Facebook,Consideration,Technology,No,Intermediate,37.0,5357.0,189902.0,107689.0,3,5.231545319626528,1.91,58.3,,37.64
702,Facebook,Awareness,Retail,No,Intermediate,3.0,5630.0,16205.0,60452.0,4,1.1013847556333243,1.46,49.5,,9.64
703,Facebook,Conversion,Technology,No,Expert,13.0,3466.0,41554.0,83706.0,5,,0.02,70.9,,-12.45
704,Google Ads,Consideration,Education,No,Expert,23.0,1267.0,29881.0,22249.0,5,4.509180113808786,2.56,53.4,,65.78
705,TikTok,Conversion,Hospitality,No,Expert,5.0,10893.0,49303.0,120347.0,4,2.977412335818924,1.0,55.2,,28.96
706,Google Ads,Conversion,Education,Yes,Novice,5.0,7399.0,37426.0,69069.0,5,4.975424286914855,2.2,83.2,14673.085946243584,24.7
707,Email,Conversion,Retail,Yes,Intermediate,16.0,3523.0,56798.0,197213.0,14,5.156709091729718,0.52,77.9,14357.858872894241,32.24
708,Google Ads,Awareness,Retail,No,Expert,38.0,6807.0,258371.0,69418.0,2,2.9268319447442996,1.51,27.3,,14.15
709,Instagram,Consideration,Hospitality,Yes,Expert,3.0,7022.0,22905.0,45577.0,1,7.751863124431752,1.78,32.3,16214.267520878675,47.66
710,Email,Awareness,Finance,Yes,Novice,13.0,4411.0,51457.0,132170.0,5,2.813488064142535,2.91,83.3,47735.86052439012,16.97
711,Facebook,Conversion,Education,Yes,Novice,16.0,11083.0,184165.0,34866.0,5,1.9299192310764064,1.67,62.5,40464.422629356646,14.22
712,Facebook,Conversion,Hospitality,No,Expert,9.0,13837.0,131922.0,78509.0,7,5.471599435817914,0.36,50.2,,27.23
713,Google Ads,Awareness,Finance,No,Intermediate,3.0,7037.0,21060.0,29745.0,3,1.3370620704230267,2.3,54.5,,22.7
714,Instagram,Awareness,Education,Yes,Novice,6.0,610.0,3650.0,188223.0,3,3.0067837503442387,4.73,47.0,87090.61992683298,44.09
715,Instagram,Consideration,Technology,Yes,Intermediate,4.0,1603.0,5609.0,160427.0,5,0.5371440544734223,1.39,47.0,14642.445298188295,-1.69
716,Google Ads,Conversion,Finance,Yes,Intermediate,14.0,2520.0,34526.0,25401.0,6,0.3955390275983901,1.9,60.8,5000.0,46.8
717,Google Ads,Conversion,Hospitality,No,Intermediate,5.0,4449.0,18920.0,265696.0,8,5.308216993280329,2.71,62.8,,80.42
718,Google Ads,Awareness,Technology,No,Expert,7.0,15010.0,107367.0,109167.0,7,1.6867462631556496,0.93,96.9,,28.58
719,Google Ads,Consideration,Technology,No,Intermediate,8.0,5754.0,42125.0,33417.0,4,3.373054393116079,1.07,78.3,,28.09
720,Google Ads,Conversion,Hospitality,No,Expert,28.0,5673.0,159762.0,54226.0,2,7.674136066202916,3.27,44.2,,38.28
721,Facebook,Consideration,Technology,Yes,Intermediate,18.0,4686.0,87791.0,44342.0,6,0.43258770026110094,0.71,28.1,52943.860767503895,18.59
722,TikTok,Awareness,Education,No,Expert,12.0,7274.0,85384.0,62723.0,3,2.249855159819443,1.08,49.4,,14.92
723,Google Ads,Consideration,Technology,No,Intermediate,10.0,5000.0,51077.0,81188.0,4,2.4209754600925373,1.53,50.9,,63.25
724,Instagram,Awareness,Finance,No,Novice,17.0,934.0,15638.0,101477.0,4,3.027076033734027,0.27,61.5,,30.31
725,TikTok,Consideration,Finance,No,Intermediate,20.0,13099.0,281293.0,94568.0,10,0.05,1.96,67.4,,8.19
726,Instagram,Consideration,Retail,No,Novice,15.0,10827.0,162056.0,99296.0,7,,2.14,66.1,,2.07
727,Facebook,Consideration,Finance,No,Novice,7.0,4429.0,29104.0,46377.0,11,3.261984422868889,1.74,48.4,,16.21
728,Instagram,Conversion,Technology,No,Intermediate,30.0,7708.0,247287.0,199073.0,7,3.9761096298157286,2.93,53.2,,35.9
729,Instagram,Conversion,Technology,No,Intermediate,25.0,13879.0,336685.0,1944.0,2,1.6943449910519786,0.62,57.6,,4.62
730,Facebook,Conversion,Finance,No,Intermediate,13.0,11298.0,142132.0,31987.0,4,2.407460806459894,2.14,57.8,,17.54
731,Facebook,Conversion,Retail,Yes,Novice,32.0,14055.0,443594.0,14399.0,5,4.436664690775567,3.04,60.8,72572.70282019417,27.63
732,Instagram,Conversion,Technology,No,Novice,26.0,17107.0,415574.0,31287.0,2,4.119442548113124,3.03,59.6,,12.39
733,Google Ads,Awareness,Finance,No,Intermediate,16.0,11069.0,184659.0,150495.0,6,2.8897165787482635,1.09,79.5,,5.57
734,Email,Awareness,Retail,No,Expert,22.0,16153.0,351803.0,87825.0,4,0.5264036109328867,4.27,96.9,,37.4
735,Google Ads,Consideration,Hospitality,No,Intermediate,28.0,10376.0,299656.0,72198.0,6,1.9385149513577675,2.42,36.3,,21.63
736,Instagram,Conversion,Hospitality,No,Expert,21.0,7109.0,154286.0,70669.0,3,4.42101833540219,1.86,58.1,,41.86
737,Instagram,Consideration,Technology,Yes,Intermediate,3.0,5206.0,14707.0,187961.0,4,4.5410755637148,0.85,43.2,55740.89811834564,33.02
738,TikTok,Consideration,Retail,No,Intermediate,19.0,8847.0,162643.0,43782.0,3,6.403597774332097,1.2,54.4,,28.74
739,Facebook,Consideration,Finance,No,Novice,14.0,14473.0,203479.0,53470.0,7,5.179585926516911,2.34,67.6,,38.51
740,TikTok,Conversion,Finance,No,Novice,23.0,2118.0,51062.0,97283.0,2,4.033049546711238,0.28,65.0,,16.02
741,Email,Conversion,Finance,No,Novice,26.0,3576.0,88849.0,68850.0,4,6.32157245792667,1.28,78.0,,45.17
742,Email,Consideration,Retail,No,Intermediate,3.0,3389.0,10489.0,101954.0,1,6.182202988379028,1.59,61.2,,49.23
743,TikTok,Conversion,Hospitality,No,Intermediate,25.0,11948.0,300002.0,32858.0,2,0.05,1.5,70.1,,-10.02
744,Instagram,Conversion,Retail,No,Novice,31.0,14251.0,452247.0,37947.0,4,3.579599437424833,2.51,60.0,,11.65
745,Instagram,Conversion,Technology,No,Novice,10.0,22422.0,218233.0,239462.0,8,2.1234156359215253,2.9,99.2,,9.96
746,Instagram,Awareness,Finance,No,Intermediate,14.0,11997.0,167666.0,19622.0,4,2.5391369216574016,1.52,74.0,,20.56
747,Instagram,Consideration,Education,No,Intermediate,3.0,6272.0,19308.0,43004.0,7,5.762071254109073,0.46,55.3,,40.92
748,TikTok,Consideration,Finance,Yes,Expert,5.0,4426.0,23797.0,195974.0,4,4.766975264940541,3.1,47.0,29713.854499650162,65.75
749,Facebook,Conversion,Technology,No,Intermediate,3.0,4138.0,14409.0,152078.0,8,3.9475528851420107,1.0,56.9,,40.58
750,Instagram,Consideration,Education,No,Novice,7.0,13285.0,93263.0,73060.0,4,4.862209682824026,2.23,79.2,,45.04
751,Email,Awareness,Finance,No,Novice,43.0,7916.0,344447.0,72899.0,6,0.7642721066503171,3.13,100.0,,37.18
752,Instagram,Consideration,Retail,Yes,Intermediate,5.0,8615.0,43712.0,91252.0,6,4.138480742644452,0.49,66.3,11274.131726369571,34.16
753,Instagram,Conversion,Hospitality,Yes,Novice,23.0,14927.0,341504.0,86038.0,8,6.903685987403096,1.18,43.3,142866.16109792932,24.09
754,TikTok,Conversion,Retail,No,Intermediate,14.0,6836.0,100139.0,46514.0,8,4.248314198700732,2.28,56.5,,29.72
755,Instagram,Consideration,Technology,No,Intermediate,7.0,12606.0,79740.0,39977.0,4,5.300764387098882,3.55,31.4,,54.01
756,Facebook,Consideration,Retail,No,Novice,5.0,2784.0,13281.0,137385.0,9,5.318319410285984,1.42,64.0,,32.03
757,Google Ads,Conversion,Technology,Yes,Novice,18.0,15515.0,294004.0,64779.0,3,4.079441339331899,2.18,90.1,37251.41427074016,29.01
758,Email,Awareness,Retail,No,Expert,7.0,10478.0,76886.0,21593.0,5,4.433169981707534,2.82,60.6,,36.21
759,Email,Conversion,Retail,No,Expert,3.0,3438.0,10368.0,146277.0,6,3.65271436286902,0.28,34.2,,-48.89
760,Google Ads,Awareness,Hospitality,No,Intermediate,3.0,5546.0,17754.0,95519.0,4,3.666663373397628,1.54,40.1,,-5.47
761,Instagram,Awareness,Retail,No,Novice,17.0,1126.0,19857.0,67847.0,7,5.239600477445933,1.15,41.1,,-3.91
762,Instagram,Conversion,Retail,No,Intermediate,30.0,10117.0,299271.0,112653.0,8,4.341421460310219,2.11,45.1,,25.99
763,TikTok,Conversion,Hospitality,Yes,Intermediate,5.0,8601.0,47707.0,107124.0,3,5.008692561667935,1.55,44.8,123789.81090410292,56.07
764,Facebook,Consideration,Education,Yes,Intermediate,13.0,6242.0,79233.0,40754.0,7,2.2089066363276966,2.03,25.9,59300.65447182823,22.33
765,Instagram,Awareness,Technology,No,Novice,9.0,12926.0,111830.0,84899.0,2,5.716120419243722,3.45,52.8,,41.62
766,Instagram,Conversion,Hospitality,No,Intermediate,12.0,10894.0,124596.0,93885.0,5,,2.75,35.6,,9.99
767,Instagram,Consideration,Retail,No,Intermediate,9.0,2344.0,20576.0,26943.0,3,5.5291929952528065,0.08,65.3,,27.19
768,Instagram,Consideration,Technology,Yes,Expert,9.0,3764.0,32538.0,56409.0,3,4.737950354661201,1.21,84.9,10787.710214790955,38.64
769,Google Ads,Conversion,Technology,Yes,Intermediate,8.0,5451.0,44541.0,81707.0,4,2.370500027320303,4.1,81.0,82522.15778439931,54.23
770,Facebook,Conversion,Finance,No,Expert,22.0,2652.0,58348.0,77349.0,5,,3.42,47.0,,68.49
771,TikTok,Consideration,Finance,No,Novice,13.0,14743.0,180081.0,119795.0,10,1.0942787252935742,1.57,50.5,,15.13
772,Facebook,Conversion,Retail,No,Intermediate,20.0,2528.0,50335.0,54550.0,6,1.961632315775665,2.35,99.6,,30.84
773,Google Ads,Conversion,Education,No,Intermediate,12.0,12139.0,141382.0,85056.0,7,4.363326707417996,0.02,83.9,,-55.14
774,Google Ads,Awareness,Finance,No,Intermediate,7.0,3027.0,18819.0,127002.0,3,2.8981856147250022,3.51,47.6,,39.39
775,Google Ads,Awareness,Technology,No,Intermediate,5.0,4926.0,25471.0,14978.0,11,2.399668827504566,1.93,43.1,,21.47
776,Instagram,Conversion,Retail,No,Intermediate,7.0,3768.0,26145.0,138700.0,6,6.011870638120647,1.84,60.3,,46.73
777,Google Ads,Awareness,Education,No,Expert,10.0,11349.0,111561.0,121679.0,3,3.255363341512111,0.94,63.3,,24.49
778,Instagram,Awareness,Finance,No,Novice,15.0,21953.0,309081.0,150697.0,5,1.803653134927855,2.28,48.5,,5.74
779,Email,Consideration,Technology,No,Expert,7.0,10091.0,78618.0,44541.0,5,1.9006639924585993,1.08,52.3,,22.77
780,Google Ads,Consideration,Technology,No,Intermediate,10.0,11569.0,127136.0,68743.0,4,1.1764824834700125,0.76,78.9,,30.34
781,Google Ads,Conversion,Technology,Yes,Novice,7.0,1876.0,14180.0,62153.0,4,4.684575791611028,1.13,42.3,96484.7528004057,31.3
782,Instagram,Conversion,Finance,Yes,Intermediate,5.0,8667.0,40789.0,200299.0,6,2.7449409542236007,1.46,2.6,48519.037342881486,7.61
783,Google Ads,Awareness,Hospitality,No,Intermediate,14.0,13874.0,196516.0,54410.0,4,2.8623871066281685,0.9,49.7,,9.37
784,Instagram,Consideration,Education,No,Intermediate,22.0,17260.0,360944.0,16237.0,4,1.585018255259321,2.66,33.0,,24.67
785,Facebook,Awareness,Finance,No,Intermediate,3.0,7571.0,25703.0,17829.0,4,2.225114816637338,2.89,79.0,,26.09
786,Instagram,Awareness,Retail,No,Intermediate,11.0,17560.0,202712.0,83576.0,4,1.6162169435867388,2.06,76.4,,9.16
787,Email,Conversion,Technology,No,Intermediate,5.0,10173.0,57401.0,41389.0,4,1.6852260417631706,1.0,47.5,,27.71
788,Email,Awareness,Retail,Yes,Novice,34.0,8080.0,258577.0,175773.0,6,4.066777400538704,2.34,49.2,12523.317141839982,29.92
789,Google Ads,Consideration,Education,Yes,Expert,5.0,1255.0,7040.0,118991.0,4,0.05,2.7,51.3,58785.48001350862,49.79
790,Facebook,Conversion,Technology,No,Expert,15.0,6161.0,94319.0,24833.0,5,2.92146096769445,1.82,52.7,,36.85
791,Instagram,Awareness,Education,No,Expert,6.0,21190.0,115765.0,46473.0,7,1.6863623245695778,2.3,39.9,,12.65
792,Email,Awareness,Education,No,Expert,11.0,18832.0,215995.0,211347.0,7,4.630532135777317,2.91,47.4,,36.36
793,Google Ads,Consideration,Education,No,Intermediate,8.0,3908.0,31773.0,60685.0,2,6.211548499642312,0.36,40.9,,19.08
794,Email,Conversion,Technology,No,Intermediate,5.0,10620.0,52876.0,162216.0,8,1.438905725939292,2.48,41.7,,-105.98
795,Facebook,Conversion,Education,No,Expert,6.0,37029.0,235653.0,134066.0,3,2.842096323159178,1.86,83.0,,19.79
796,TikTok,Consideration,Education,No,Novice,11.0,5528.0,61455.0,167813.0,3,2.654410845421567,1.47,49.7,,-8.27
797,Google Ads,Conversion,Retail,No,Intermediate,9.0,3916.0,32777.0,70140.0,6,4.701781416416587,1.09,68.8,,38.2
798,Google Ads,Awareness,Education,No,Novice,17.0,3122.0,53303.0,32612.0,5,,0.78,38.1,,18.95
799,Google Ads,Awareness,Finance,No,Intermediate,19.0,8792.0,164962.0,241621.0,4,4.38773135735264,2.52,67.2,,26.85
800,Email,Awareness,Finance,Yes,Novice,11.0,5162.0,54514.0,40004.0,3,1.9598881647581794,2.82,43.3,35547.61045009756,22.41
801,Google Ads,Awareness,Education,No,Novice,17.0,3506.0,58042.0,124270.0,7,1.1064319951236121,1.2,33.9,,-6.32
802,Google Ads,Conversion,Retail,No,Intermediate,21.0,4048.0,87872.0,122914.0,3,5.541756987149396,1.01,61.5,,16.73
803,Google Ads,Conversion,Finance,No,Novice,37.0,7331.0,272593.0,179761.0,6,3.641978119911864,1.38,51.1,,18.84
804,Google Ads,Awareness,Technology,No,Intermediate,54.0,3046.0,162938.0,57589.0,6,2.9426529880365,0.02,98.9,,19.36
805,Instagram,Awareness,Hospitality,Yes,Novice,3.0,1347.0,3982.0,82032.0,5,4.16306173011273,2.21,43.3,89895.15549890013,27.84
806,Instagram,Conversion,Technology,No,Intermediate,12.0,6921.0,85608.0,121405.0,6,4.327658512864526,2.13,41.3,,14.76
807,Google Ads,Conversion,Education,No,Intermediate,5.0,8398.0,43034.0,127338.0,2,2.062319640700312,2.67,46.1,,39.91
808,TikTok,Conversion,Education,Yes,Intermediate,18.0,10928.0,185982.0,22806.0,3,1.0429986132623874,2.72,34.5,7604.6924376026445,43.39
809,Google Ads,Awareness,Hospitality,No,Expert,18.0,6820.0,123098.0,145781.0,8,2.4127571269254338,3.26,33.9,,-66.51
810,Facebook,Conversion,Education,Yes,Intermediate,26.0,1544.0,39839.0,43387.0,8,2.7310309884046458,1.66,71.6,51520.26093192607,24.19
811,Google Ads,Conversion,Finance,No,Intermediate,13.0,8603.0,116406.0,48763.0,5,0.05,3.66,61.9,,31.78
812,TikTok,Conversion,Finance,No,Expert,14.0,2387.0,37631.0,67733.0,3,1.7192462218621216,2.64,76.6,,40.8
813,Google Ads,Awareness,Finance,No,Intermediate,7.0,1329.0,8934.0,76249.0,7,3.0297239759370864,2.1,38.4,,40.71
814,Instagram,Consideration,Education,Yes,Expert,14.0,5765.0,82578.0,32392.0,7,3.383635836434102,2.58,24.0,52690.76874010864,27.46
815,Facebook,Awareness,Retail,No,Novice,3.0,2317.0,6701.0,109759.0,5,1.5080786649045352,1.07,61.1,,13.46
816,Google Ads,Awareness,Hospitality,No,Novice,13.0,3828.0,49404.0,35197.0,3,3.968762095932927,2.1,65.9,,33.64
817,Instagram,Conversion,Education,Yes,Intermediate,28.0,500.0,14189.0,11533.0,3,3.007349112956965,1.66,60.5,9408.754037962051,12.33
818,Google Ads,Awareness,Technology,Yes,Novice,13.0,5485.0,71847.0,154346.0,5,2.338461361148272,1.51,39.2,30648.710981597986,21.29
819,Facebook,Consideration,Retail,No,Intermediate,11.0,6787.0,73046.0,101090.0,4,2.9238490770055967,3.2,46.6,,16.63
820,TikTok,Conversion,Hospitality,No,Novice,21.0,1343.0,27641.0,161868.0,4,1.2222449167444145,2.72,90.3,,27.57
821,Google Ads,Conversion,Education,No,Intermediate,6.0,4848.0,30359.0,46104.0,4,2.883083466767541,1.27,38.9,,16.06
822,Instagram,Consideration,Technology,No,Intermediate,19.0,1243.0,22951.0,83850.0,2,3.507720548252968,2.68,59.0,,42.92
823,Facebook,Consideration,Retail,No,Expert,13.0,14243.0,194832.0,57343.0,3,4.6789491481659855,2.87,51.9,,37.5
824,Facebook,Consideration,Hospitality,No,Novice,16.0,15829.0,236743.0,166158.0,6,0.6511061601338666,2.68,70.9,,12.82
825,Google Ads,Awareness,Technology,No,Novice,5.0,5595.0,26822.0,40078.0,5,3.089033667797481,1.87,65.9,,28.69
826,TikTok,Awareness,Retail,No,Expert,9.0,695.0,6927.0,45555.0,3,2.5293325202859602,2.54,69.2,,19.32
827,Facebook,Awareness,Technology,No,Intermediate,11.0,1728.0,18686.0,52926.0,4,1.527375582934523,2.76,66.5,,42.01
828,Facebook,Consideration,Retail,No,Novice,7.0,13522.0,87636.0,114118.0,3,1.8718020784830476,1.11,33.9,,-5.79
829,Google Ads,Awareness,Hospitality,No,Intermediate,4.0,8280.0,27862.0,63431.0,5,3.6452155058319793,1.04,75.1,,36.6
830,TikTok,Consideration,Retail,No,Expert,25.0,15938.0,384869.0,274288.0,6,0.6283350173467106,2.06,47.9,,-0.38
831,Google Ads,Conversion,Retail,No,Novice,25.0,15485.0,383081.0,28851.0,6,4.177995204036795,0.39,95.4,,14.74
832,Google Ads,Awareness,Hospitality,No,Novice,18.0,19161.0,355115.0,118093.0,6,1.1272168066184904,0.45,60.8,,-4.13
833,Facebook,Consideration,Education,No,Intermediate,22.0,7062.0,151074.0,23995.0,5,4.355145857846795,1.98,81.0,,40.13
834,Facebook,Awareness,Hospitality,No,Novice,25.0,10133.0,262495.0,151011.0,3,2.5947107235596554,0.83,81.1,,13.1
835,Instagram,Awareness,Education,Yes,Expert,28.0,5294.0,150940.0,37387.0,7,3.7550719179252017,0.67,59.5,57614.61597713574,47.78
836,Email,Awareness,Technology,Yes,Intermediate,18.0,4750.0,92350.0,180933.0,4,6.1904972332852894,1.96,93.7,27698.893102586488,-38.69
837,Google Ads,Awareness,Retail,Yes,Expert,6.0,1708.0,11069.0,30643.0,8,4.548570505788198,1.32,58.9,74282.14279982809,35.05
838,Instagram,Conversion,Retail,No,Expert,6.0,19401.0,107044.0,85152.0,2,2.4757944966900647,0.02,68.2,,24.04
839,Google Ads,Consideration,Hospitality,Yes,Intermediate,14.0,4364.0,58102.0,23697.0,4,0.06919265937355279,0.5,72.8,28292.51888349125,23.79
840,Google Ads,Conversion,Retail,No,Novice,11.0,3130.0,35201.0,85766.0,4,4.422848156498759,0.04,87.3,,38.72
841,Instagram,Conversion,Hospitality,No,Novice,18.0,15792.0,280723.0,102510.0,9,4.166238086240155,3.74,54.9,,38.85
842,Google Ads,Awareness,Hospitality,Yes,Novice,13.0,16683.0,204510.0,229715.0,7,1.5150329136128633,1.48,58.2,82242.32050573034,16.95
843,TikTok,Consideration,Hospitality,Yes,Intermediate,23.0,5994.0,136305.0,22206.0,5,3.0365160364742096,1.82,62.9,119832.44303084226,41.14
844,Google Ads,Consideration,Hospitality,No,Expert,9.0,7089.0,66213.0,63073.0,6,5.386155180461255,1.52,76.2,,48.59
845,Facebook,Awareness,Technology,No,Novice,7.0,1099.0,7269.0,109917.0,6,1.724837759886193,2.7,72.0,,16.84
846,Email,Conversion,Hospitality,No,Intermediate,6.0,11258.0,73342.0,94373.0,4,1.7468875503546375,2.01,33.4,,28.62
847,TikTok,Awareness,Hospitality,No,Expert,19.0,10693.0,195436.0,70775.0,7,2.5423525253007755,2.34,59.4,,20.61
848,Email,Conversion,Hospitality,Yes,Intermediate,5.0,21360.0,112802.0,235347.0,3,6.043771886191217,2.56,42.7,139982.41254516307,44.71
849,Google Ads,Awareness,Retail,No,Expert,19.0,23018.0,396091.0,92712.0,6,4.013496784379918,1.93,84.4,,27.44
850,TikTok,Awareness,Finance,No,Novice,3.0,4818.0,14409.0,41423.0,3,3.5721439254195833,1.21,53.0,,15.49
