property_id,property_type,neighborhood,furnishing_status,property_age_years,size_sqm,num_bedrooms,num_bathrooms,distance_to_cbd_km,service_charge_kes,garage_size_sqm,security_rating,amenities_score,nearby_schools_count,monthly_rent_kes
1,Townhouse,Kilimani,Unfurnished,5.5,78.3,3,3,20.9,14590.0,10.0,3.0,33.2,5,119264.0
2,Apartment,Ngong Road,Fully Furnished,7.3,152.2,5,5,8.0,36488.0,,3.0,29.9,1,139812.0
3,Maisonette,Ngong Road,Unfurnished,6.2,60.2,2,2,21.7,15566.0,12.6,,45.9,1,29930.0
4,Bungalow,Kilimani,Unfurnished,2.6,141.1,5,4,35.4,29692.0,22.6,3.0,10.6,1,140880.0
5,Apartment,Kilimani,Unfurnished,2.6,136.8,4,2,5.6,23097.0,,2.0,45.0,3,135241.0
6,Townhouse,Westlands,Semi-Furnished,1.2,30.9,1,1,27.2,7988.0,16.8,5.0,31.6,4,29931.0
7,Maisonette,South B,Fully Furnished,10.6,151.0,5,5,10.0,26545.0,13.0,4.0,75.7,3,187668.0
8,Apartment,Kilimani,Semi-Furnished,3.3,92.0,3,2,5.9,19799.0,,3.0,66.3,1,113733.0
9,Townhouse,Ruaka,Fully Furnished,13.7,89.0,4,3,5.6,12087.0,16.1,3.0,59.4,3,122384.0
10,Apartment,South B,Fully Furnished,7.7,50.2,2,2,2.7,8418.0,,3.0,43.7,3,40756.0
11,Maisonette,Ngong Road,Unfurnished,8.4,73.9,3,4,6.4,15012.0,15.4,5.0,74.4,1,85324.0
12,Bungalow,Ngong Road,Unfurnished,3.2,112.7,3,2,5.9,13773.0,21.6,5.0,65.3,3,97600.0
13,Studio,Karen,Unfurnished,4.7,49.1,1,2,7.4,6669.0,,3.0,40.2,2,33641.0
14,Apartment,Ngong Road,Unfurnished,2.2,62.3,3,3,11.8,12430.0,,3.0,39.6,0,42618.0
15,Townhouse,Ngong Road,Semi-Furnished,7.9,101.7,3,3,10.6,18923.0,17.2,3.0,73.5,3,137980.0
16,Bungalow,Ngong Road,Unfurnished,4.9,73.3,3,2,5.4,12152.0,19.1,,41.7,1,75394.0
17,Apartment,Ngong Road,Unfurnished,15.8,69.1,2,1,3.8,5788.0,,4.0,81.3,4,42330.0
18,Apartment,Ruaka,Unfurnished,19.4,95.4,3,2,4.0,16999.0,,4.0,70.1,1,63520.0
19,Bungalow,Kilimani,Unfurnished,9.1,91.7,3,2,5.0,20140.0,17.8,4.0,67.5,2,81508.0
20,Apartment,Ruaka,Semi-Furnished,8.7,128.4,4,3,9.6,20294.0,,4.0,43.1,1,138221.0
21,Studio,Kilimani,Unfurnished,3.4,81.6,2,2,9.7,16807.0,,4.0,41.7,1,53016.0
22,Apartment,South B,Semi-Furnished,6.2,96.2,4,4,4.6,18708.0,,5.0,87.4,5,119256.0
23,Apartment,Kilimani,Semi-Furnished,6.2,43.4,2,2,3.7,11335.0,,2.0,53.0,2,44659.0
24,Apartment,Karen,Semi-Furnished,4.8,112.5,3,3,18.2,22110.0,,4.0,38.4,2,85166.0
25,Maisonette,Kilimani,Semi-Furnished,4.2,79.7,3,2,6.4,14274.0,14.1,3.0,75.3,4,104379.0
26,Maisonette,South B,Unfurnished,4.0,57.5,3,3,14.1,10090.0,20.2,3.0,55.4,2,47200.0
27,Bungalow,Karen,Semi-Furnished,6.5,22.0,1,1,4.8,2202.0,2.0,4.0,32.0,3,46929.0
28,Studio,Karen,Fully Furnished,6.9,103.3,1,1,14.2,19164.0,,3.0,37.7,4,61649.0
29,Townhouse,Kilimani,Unfurnished,7.1,84.8,3,2,4.7,18305.0,16.5,2.0,48.2,3,86908.0
30,Maisonette,South B,Unfurnished,2.1,106.3,3,2,12.4,23407.0,12.6,2.0,90.1,3,58092.0
31,Apartment,Kilimani,Semi-Furnished,7.0,68.2,3,2,12.8,9733.0,,3.0,39.0,2,61655.0
32,Bungalow,Westlands,Semi-Furnished,8.8,89.1,3,1,3.9,18252.0,12.5,,57.6,2,107721.0
33,Townhouse,Ngong Road,Unfurnished,5.0,113.9,5,4,7.9,20700.0,11.7,,29.2,1,116752.0
34,Maisonette,Karen,Semi-Furnished,23.8,69.1,2,2,4.8,12777.0,14.1,2.0,40.6,1,68078.0
35,Apartment,Westlands,Unfurnished,0.5,150.3,3,2,7.3,40838.0,,4.0,39.5,1,188778.0
36,Studio,Ngong Road,Unfurnished,8.2,61.1,3,4,2.2,11231.0,,5.0,76.7,2,27323.0
37,Studio,Westlands,Semi-Furnished,2.7,145.6,5,4,26.7,22421.0,,4.0,53.6,2,122239.0
38,Townhouse,Ngong Road,Unfurnished,5.1,88.5,3,2,23.7,11267.0,16.0,3.0,43.8,0,47651.0
39,Maisonette,Westlands,Semi-Furnished,2.6,90.9,3,2,15.8,15533.0,15.5,,59.1,2,107422.0
40,Apartment,Westlands,Semi-Furnished,5.6,62.0,1,2,4.3,13152.0,,4.0,47.7,1,98314.0
41,Studio,Ngong Road,Unfurnished,3.0,22.0,1,1,4.9,5754.0,,5.0,56.7,5,22790.0
42,Apartment,Kilimani,Semi-Furnished,3.8,42.0,1,1,8.7,4106.0,,5.0,52.9,0,30546.0
43,Studio,Ngong Road,Semi-Furnished,13.7,81.1,3,3,9.5,13395.0,,3.0,55.9,1,35064.0
44,Apartment,Ruaka,Unfurnished,4.6,69.6,3,2,6.7,13360.0,,4.0,43.1,4,48178.0
45,Apartment,South B,Semi-Furnished,1.6,127.6,4,4,17.1,19414.0,,3.0,7.9,1,75207.0
46,Apartment,Karen,Fully Furnished,2.3,76.1,3,3,8.0,14702.0,,3.0,78.9,2,127898.0
47,Apartment,Westlands,Semi-Furnished,7.1,138.0,5,4,8.8,21715.0,,3.0,22.2,4,174923.0
48,Bungalow,Karen,Unfurnished,2.7,126.6,4,4,6.7,22380.0,28.6,3.0,46.2,2,263367.0
49,Apartment,Kilimani,Semi-Furnished,0.7,88.0,3,3,9.7,16049.0,,4.0,52.5,0,86854.0
50,Bungalow,Kilimani,Semi-Furnished,11.2,90.6,3,2,16.2,16184.0,25.4,3.0,52.5,0,83058.0
51,Bungalow,Westlands,Unfurnished,8.1,47.2,1,2,4.3,11488.0,7.7,3.0,41.7,0,45546.0
52,Townhouse,Ruaka,Unfurnished,5.7,99.5,3,3,7.5,17643.0,17.3,5.0,58.9,5,120564.0
53,Studio,Westlands,Unfurnished,4.8,89.2,3,3,7.6,10271.0,,3.0,12.2,1,43252.0
54,Maisonette,Kilimani,Fully Furnished,2.0,85.2,3,3,4.0,14632.0,12.3,3.0,43.1,0,93310.0
55,Apartment,South B,Fully Furnished,3.6,111.8,3,3,7.7,18626.0,,4.0,92.7,3,137111.0
56,Bungalow,Kilimani,Semi-Furnished,9.1,45.5,1,2,7.4,4218.0,19.3,2.0,20.8,2,47651.0
57,Townhouse,Ngong Road,Unfurnished,12.5,122.5,4,3,3.4,21977.0,20.1,1.0,78.2,2,124196.0
58,Apartment,Kilimani,Semi-Furnished,6.9,139.9,4,3,2.3,17574.0,,4.0,55.1,3,143079.0
59,Townhouse,Westlands,Unfurnished,9.3,40.0,2,2,9.9,6816.0,25.5,3.0,46.4,0,32732.0
60,Apartment,Karen,Semi-Furnished,4.7,95.8,2,2,4.8,18739.0,,3.0,34.9,3,81164.0
61,Bungalow,Westlands,Unfurnished,7.9,85.0,1,1,25.5,15267.0,10.0,4.0,88.1,3,45304.0
62,Apartment,Ruaka,Unfurnished,13.0,76.1,2,2,3.9,12972.0,,2.0,61.0,1,32851.0
63,Apartment,South B,Unfurnished,3.8,154.9,6,4,5.1,24253.0,,3.0,35.7,4,308759.0
64,Apartment,Karen,Semi-Furnished,22.7,63.7,2,3,16.7,12842.0,,4.0,72.8,1,46533.0
65,Townhouse,Karen,Fully Furnished,6.1,34.1,1,2,15.5,4476.0,22.1,3.0,67.3,4,68651.0
66,Maisonette,Ruaka,Unfurnished,8.9,123.7,3,3,5.4,21211.0,14.5,4.0,60.9,5,127051.0
67,Bungalow,Westlands,Semi-Furnished,3.9,112.8,4,4,5.6,22020.0,18.7,4.0,43.9,2,205932.0
68,Bungalow,Karen,Semi-Furnished,2.6,61.0,2,3,2.4,10104.0,21.3,3.0,41.8,3,117064.0
69,Apartment,Karen,Unfurnished,7.6,59.2,2,2,9.4,11748.0,,3.0,66.7,3,29342.0
70,Studio,Westlands,Unfurnished,9.9,73.3,3,3,2.9,18502.0,,3.0,48.9,1,49993.0
71,Studio,Ruaka,Unfurnished,3.9,48.1,2,2,12.3,10388.0,,4.0,21.9,2,18898.0
72,Townhouse,Ngong Road,Semi-Furnished,5.1,119.3,3,3,7.4,26034.0,10.6,4.0,54.6,0,119237.0
73,Studio,Ruaka,Unfurnished,7.3,56.0,2,2,5.6,9310.0,,3.0,70.4,0,28049.0
74,Maisonette,Kilimani,Unfurnished,7.9,93.5,3,2,5.3,14725.0,6.3,4.0,87.4,2,110421.0
75,Apartment,Westlands,Semi-Furnished,19.2,40.9,2,2,3.0,5539.0,,3.0,84.5,4,45237.0
76,Townhouse,Karen,Unfurnished,11.9,64.5,3,3,13.6,5037.0,24.2,3.0,34.7,4,76006.0
77,Maisonette,Kilimani,Semi-Furnished,1.0,61.9,3,3,6.1,4712.0,10.5,5.0,72.2,5,73664.0
78,Townhouse,Ruaka,Unfurnished,9.4,110.7,4,3,12.2,15094.0,15.3,3.0,65.1,3,166687.0
79,Apartment,South B,Unfurnished,2.4,151.1,5,3,5.6,23311.0,,4.0,51.2,1,171374.0
80,Maisonette,Ruaka,Unfurnished,6.2,105.8,4,4,3.7,18638.0,18.4,3.0,58.8,4,125444.0
81,Studio,Ruaka,Unfurnished,3.7,73.2,1,1,10.1,12304.0,,1.0,92.8,2,190547.0
82,Studio,Westlands,Unfurnished,7.6,63.4,1,1,3.7,8436.0,,5.0,43.5,3,172335.0
83,Studio,Westlands,Unfurnished,2.6,61.5,1,2,5.9,10500.0,,4.0,28.3,3,48573.0
84,Apartment,Westlands,Unfurnished,3.3,41.9,1,1,3.8,8623.0,,,71.6,3,42964.0
85,Townhouse,Karen,Semi-Furnished,17.2,71.4,2,3,9.5,15824.0,18.7,4.0,19.2,3,76955.0
86,Bungalow,Ngong Road,Unfurnished,4.5,77.5,2,1,11.3,9432.0,13.6,4.0,64.5,3,40438.0
87,Apartment,Westlands,Semi-Furnished,1.9,141.2,4,3,5.6,24726.0,,4.0,57.4,5,245588.0
88,Maisonette,South B,Fully Furnished,7.6,106.9,3,3,2.3,14162.0,27.9,4.0,40.5,6,170400.0
89,Apartment,Karen,Unfurnished,12.4,142.2,4,3,39.8,16279.0,,5.0,86.8,4,109085.0
90,Apartment,Karen,Unfurnished,0.9,22.0,1,1,8.5,3799.0,,3.0,23.7,1,24432.0
91,Bungalow,Ngong Road,Fully Furnished,6.0,58.8,2,1,4.6,19648.0,13.4,4.0,62.9,3,41729.0
92,Studio,Westlands,Unfurnished,2.2,97.3,4,3,11.8,17155.0,,,43.0,3,60436.0
93,Apartment,Ngong Road,Semi-Furnished,11.7,97.7,3,2,5.1,16774.0,,4.0,53.9,0,61821.0
94,Bungalow,Kilimani,Unfurnished,4.9,161.6,5,4,7.5,22624.0,5.5,3.0,86.5,0,277009.0
95,Apartment,South B,Unfurnished,7.6,101.0,4,3,19.2,17581.0,,3.0,30.9,2,56897.0
96,Apartment,Westlands,Fully Furnished,8.1,93.8,2,1,5.7,20777.0,,2.0,38.9,3,58956.0
97,Apartment,Ngong Road,Unfurnished,13.7,47.0,2,3,13.8,9370.0,,,31.1,2,42972.0
98,Apartment,Kilimani,Unfurnished,6.4,88.3,3,2,4.1,16394.0,,2.0,27.5,3,94050.0
99,Townhouse,South B,Semi-Furnished,10.9,67.7,1,1,19.9,9146.0,12.1,5.0,49.1,2,36610.0
100,Bungalow,Ngong Road,Fully Furnished,3.2,80.0,3,2,5.0,11871.0,14.3,3.0,32.6,1,95309.0
101,Bungalow,Ngong Road,Semi-Furnished,6.7,106.0,2,2,6.0,13354.0,18.5,4.0,73.0,0,73810.0
102,Maisonette,South B,Unfurnished,7.1,77.3,3,3,13.4,9753.0,15.4,5.0,24.4,0,52993.0
103,Apartment,Kilimani,Unfurnished,3.4,22.0,0,1,6.3,5244.0,,3.0,23.0,3,19210.0
104,Apartment,South B,Semi-Furnished,11.9,111.2,4,4,6.1,26200.0,,4.0,63.5,0,72820.0
105,Bungalow,Westlands,Unfurnished,5.6,55.7,2,2,13.1,13122.0,10.4,3.0,67.1,0,41100.0
106,Studio,Ngong Road,Semi-Furnished,9.1,107.1,3,3,6.4,10821.0,,3.0,38.9,3,66019.0
107,Studio,South B,Semi-Furnished,3.8,90.1,3,3,12.2,12333.0,,5.0,77.1,0,68064.0
108,Apartment,Ruaka,Semi-Furnished,3.9,101.5,3,2,8.7,22057.0,,4.0,23.0,3,88233.0
109,Studio,Kilimani,Unfurnished,8.1,71.1,2,2,12.4,10313.0,,3.0,91.8,2,36525.0
110,Apartment,Westlands,Unfurnished,2.8,68.8,2,2,8.3,6932.0,,,44.7,0,34551.0
111,Townhouse,Ruaka,Semi-Furnished,12.2,65.9,2,2,5.8,12429.0,17.7,3.0,53.4,0,46281.0
112,Apartment,Ngong Road,Semi-Furnished,3.7,101.1,3,2,11.4,15186.0,,3.0,78.2,2,83660.0
113,Maisonette,Kilimani,Semi-Furnished,5.9,123.9,4,3,17.1,26951.0,11.0,1.0,70.9,3,180686.0
114,Bungalow,Westlands,Unfurnished,2.6,47.8,2,2,4.5,5223.0,20.2,4.0,61.8,0,55855.0
115,Studio,South B,Unfurnished,17.5,25.7,0,1,3.7,6692.0,,4.0,56.2,3,11859.0
116,Apartment,Ngong Road,Semi-Furnished,11.7,89.3,2,2,19.2,15834.0,,4.0,100.0,5,48864.0
117,Apartment,Ngong Road,Semi-Furnished,0.7,94.0,4,4,3.1,15009.0,,4.0,70.3,3,158400.0
118,Bungalow,Westlands,Unfurnished,8.6,82.7,3,2,3.0,18721.0,16.0,4.0,77.0,2,79950.0
119,Apartment,South B,Semi-Furnished,13.2,108.4,3,2,4.7,19260.0,,2.0,65.3,1,62250.0
120,Apartment,Kilimani,Unfurnished,8.0,81.9,2,1,23.3,17121.0,,4.0,54.0,3,51009.0
121,Townhouse,Kilimani,Unfurnished,8.7,95.1,3,3,2.9,21843.0,16.9,4.0,45.3,1,121290.0
122,Apartment,Ruaka,Unfurnished,1.8,97.1,3,2,2.1,13955.0,,3.0,43.9,2,65276.0
123,Apartment,Karen,Semi-Furnished,2.7,68.0,2,1,16.4,12174.0,,4.0,42.4,3,63796.0
124,Bungalow,Ruaka,Semi-Furnished,3.6,74.9,2,2,8.8,14719.0,18.5,3.0,75.2,2,81302.0
125,Apartment,Westlands,Unfurnished,7.4,88.3,3,2,4.8,19744.0,,3.0,37.8,1,92727.0
126,Apartment,Kilimani,Semi-Furnished,8.5,56.3,1,1,2.4,9540.0,,3.0,81.4,1,40142.0
127,Apartment,Westlands,Unfurnished,22.7,139.8,4,4,29.6,26679.0,,3.0,31.0,6,131455.0
128,Bungalow,Kilimani,Unfurnished,4.6,86.3,3,2,4.5,17179.0,21.5,2.0,46.8,3,87254.0
129,Apartment,South B,Unfurnished,11.2,71.4,2,2,5.3,13698.0,,3.0,69.5,3,34284.0
130,Apartment,Kilimani,Unfurnished,5.0,60.8,2,2,4.2,10416.0,,3.0,75.1,4,72967.0
131,Townhouse,Kilimani,Fully Furnished,6.0,131.9,6,5,4.7,26061.0,22.5,3.0,40.0,3,419782.0
132,Bungalow,Kilimani,Unfurnished,5.2,117.5,4,3,21.1,26647.0,9.4,,5.5,5,94693.0
133,Studio,South B,Fully Furnished,11.9,59.4,2,1,0.5,15356.0,,4.0,51.4,2,39373.0
134,Apartment,Ruaka,Semi-Furnished,9.2,42.1,1,1,2.9,7807.0,,5.0,56.8,0,24770.0
135,Apartment,Kilimani,Semi-Furnished,1.9,110.8,3,2,1.9,17181.0,,2.0,56.0,2,105659.0
136,Townhouse,Westlands,Semi-Furnished,11.3,142.3,4,4,6.6,22392.0,12.9,2.0,47.9,1,181917.0
137,Townhouse,Kilimani,Unfurnished,9.4,70.7,2,1,10.7,11465.0,15.7,4.0,55.8,6,58808.0
138,Townhouse,Kilimani,Unfurnished,8.2,107.1,4,3,12.8,22551.0,12.9,3.0,54.4,5,143165.0
139,Studio,Karen,Unfurnished,10.8,100.8,3,2,10.2,10258.0,,2.0,91.1,2,63586.0
140,Bungalow,Ngong Road,Unfurnished,2.3,90.7,3,2,8.3,18640.0,18.0,4.0,74.0,1,52464.0
141,Apartment,Ngong Road,Unfurnished,1.8,136.8,5,3,4.9,18232.0,,3.0,38.3,0,127687.0
142,Maisonette,Ngong Road,Unfurnished,4.0,113.9,3,3,12.6,20098.0,15.2,3.0,97.7,3,140667.0
143,Bungalow,Kilimani,Unfurnished,7.7,50.3,1,1,6.3,10299.0,8.1,4.0,68.5,1,48842.0
144,Apartment,South B,Unfurnished,9.9,91.0,3,3,5.0,16981.0,,4.0,12.5,2,41821.0
145,Apartment,Westlands,Semi-Furnished,3.5,38.8,1,1,5.2,8129.0,,4.0,43.3,1,34955.0
146,Apartment,Ruaka,Unfurnished,4.7,49.1,1,2,7.7,9559.0,,2.0,53.4,2,24428.0
147,Bungalow,Westlands,Unfurnished,11.1,58.7,3,3,3.1,10702.0,14.6,3.0,91.0,0,72524.0
148,Maisonette,South B,Unfurnished,4.5,70.9,2,2,7.8,11866.0,28.9,2.0,27.3,2,45263.0
149,Apartment,Westlands,Unfurnished,3.6,65.7,3,3,4.5,11428.0,,5.0,63.1,3,55888.0
150,Townhouse,Ngong Road,Fully Furnished,2.7,90.4,2,3,4.9,16739.0,8.0,3.0,71.6,2,78642.0
151,Maisonette,Westlands,Unfurnished,12.5,97.0,3,3,12.1,18338.0,21.2,4.0,47.4,2,103602.0
152,Maisonette,Westlands,Unfurnished,1.7,92.0,2,2,3.5,19722.0,10.8,,31.3,1,58844.0
153,Apartment,South B,Unfurnished,5.3,65.1,2,2,5.1,10240.0,,3.0,27.2,5,34775.0
154,Apartment,Kilimani,Fully Furnished,7.0,89.7,3,2,3.7,22047.0,,2.0,51.2,2,87748.0
155,Maisonette,Kilimani,Unfurnished,1.7,102.8,4,4,3.6,12194.0,12.1,4.0,26.7,0,148966.0
156,Townhouse,Kilimani,Unfurnished,7.9,143.0,4,4,13.4,27568.0,19.6,5.0,76.7,2,198054.0
157,Apartment,South B,Semi-Furnished,14.8,93.0,3,2,21.8,10890.0,,3.0,51.0,5,55528.0
158,Apartment,Ngong Road,Fully Furnished,7.1,110.7,4,3,1.7,19333.0,,2.0,83.6,1,139293.0
159,Apartment,Karen,Unfurnished,1.2,85.5,2,2,1.4,12078.0,,3.0,13.1,5,69960.0
160,Maisonette,Karen,Fully Furnished,1.2,22.0,1,1,2.8,3979.0,8.8,3.0,68.6,3,34085.0
161,Maisonette,Kilimani,Semi-Furnished,12.9,22.0,2,2,10.4,3598.0,12.4,3.0,69.1,3,37579.0
162,Apartment,Kilimani,Unfurnished,4.0,110.8,3,4,5.8,15778.0,,3.0,64.2,5,126287.0
163,Apartment,Westlands,Fully Furnished,3.8,109.5,3,3,2.5,26116.0,,5.0,64.2,3,103942.0
164,Studio,Ruaka,Semi-Furnished,1.1,60.7,3,2,4.3,10331.0,,,79.2,6,41364.0
165,Apartment,Westlands,Unfurnished,6.4,35.3,1,2,0.5,6553.0,,4.0,74.1,2,28969.0
166,Maisonette,Westlands,Semi-Furnished,9.2,111.3,4,3,2.2,16075.0,13.7,5.0,44.3,1,225709.0
167,Studio,Ruaka,Unfurnished,3.0,110.0,4,4,5.0,6001.0,,5.0,32.7,0,56321.0
168,Apartment,Ngong Road,Fully Furnished,3.1,22.0,0,1,6.6,4668.0,,3.0,62.2,2,30787.0
169,Studio,Kilimani,Unfurnished,4.9,43.1,1,2,5.4,9807.0,,,59.1,1,28949.0
170,Apartment,Kilimani,Unfurnished,5.7,85.6,3,2,3.4,15615.0,,3.0,59.3,0,112620.0
171,Maisonette,Kilimani,Semi-Furnished,16.9,118.9,3,2,4.5,15747.0,18.0,4.0,54.9,3,163607.0
172,Townhouse,Ngong Road,Semi-Furnished,5.4,73.6,3,3,3.8,11488.0,12.2,2.0,47.9,1,123401.0
173,Bungalow,Karen,Unfurnished,1.9,85.6,2,2,7.7,17148.0,11.5,4.0,76.3,1,74637.0
174,Apartment,Ngong Road,Unfurnished,8.5,132.3,5,5,3.9,19798.0,,,37.2,1,135402.0
175,Maisonette,Karen,Unfurnished,13.1,95.3,3,3,6.3,12691.0,17.8,,85.3,1,174787.0
176,Apartment,Kilimani,Semi-Furnished,1.8,115.6,4,3,4.7,31502.0,,3.0,28.5,2,115898.0
177,Apartment,Ruaka,Unfurnished,3.4,91.8,2,3,16.6,10709.0,,4.0,64.6,3,55395.0
178,Apartment,Kilimani,Semi-Furnished,8.0,131.3,5,4,4.6,22770.0,,4.0,34.0,1,251737.0
179,Apartment,South B,Unfurnished,4.7,84.1,3,3,2.0,23567.0,,3.0,52.7,0,67175.0
180,Maisonette,Kilimani,Semi-Furnished,11.7,92.3,3,2,15.3,15437.0,11.2,2.0,53.1,2,91140.0
181,Apartment,Westlands,Unfurnished,5.0,104.7,3,2,5.1,18302.0,,4.0,53.5,1,62122.0
182,Maisonette,Ngong Road,Fully Furnished,6.0,99.5,3,3,5.6,21164.0,22.7,4.0,31.5,3,108864.0
183,Apartment,South B,Unfurnished,6.3,107.7,4,4,7.3,17185.0,,4.0,96.6,2,511403.0
184,Maisonette,Ruaka,Unfurnished,7.8,110.6,4,4,5.4,21816.0,15.3,4.0,39.1,1,128020.0
185,Maisonette,Karen,Fully Furnished,2.7,91.5,3,3,12.9,16040.0,32.4,5.0,73.9,2,121585.0
186,Apartment,South B,Unfurnished,5.6,78.9,2,1,3.9,11662.0,,5.0,53.1,4,41136.0
187,Apartment,Westlands,Unfurnished,4.0,130.8,5,4,4.7,22452.0,,3.0,36.8,4,214377.0
188,Apartment,Kilimani,Unfurnished,14.7,90.8,3,3,11.6,17448.0,,5.0,48.0,1,97042.0
189,Apartment,Westlands,Semi-Furnished,1.3,94.1,4,3,9.9,18551.0,,3.0,23.9,4,156466.0
190,Bungalow,Ruaka,Unfurnished,10.4,42.0,2,3,11.2,6907.0,21.0,4.0,54.6,3,38035.0
191,Studio,Kilimani,Unfurnished,15.3,70.4,2,2,0.5,10123.0,,,46.4,0,40300.0
192,Bungalow,South B,Unfurnished,6.5,45.3,3,3,7.8,14038.0,25.9,3.0,78.1,2,40503.0
193,Apartment,Ngong Road,Unfurnished,3.3,100.9,2,2,10.9,17249.0,,4.0,52.4,3,40711.0
194,Townhouse,Karen,Unfurnished,7.3,73.2,3,2,3.7,11225.0,15.0,4.0,41.7,1,84050.0
195,Apartment,Westlands,Semi-Furnished,1.2,55.0,2,1,2.5,12711.0,,4.0,29.1,3,65698.0
196,Bungalow,Kilimani,Fully Furnished,1.5,124.0,3,3,2.5,16219.0,0.9,5.0,33.1,0,204006.0
197,Studio,South B,Unfurnished,4.5,91.3,3,3,2.6,20061.0,,5.0,56.8,0,36858.0
198,Townhouse,Karen,Unfurnished,4.6,77.1,2,1,6.2,12908.0,18.9,4.0,39.5,0,59398.0
199,Townhouse,Ngong Road,Unfurnished,4.9,166.2,6,5,2.8,27240.0,24.2,4.0,66.9,3,356503.0
200,Studio,Karen,Unfurnished,6.4,99.4,2,2,14.2,15312.0,,3.0,40.4,3,54830.0
201,Studio,Ruaka,Unfurnished,5.2,22.0,0,1,7.4,2091.0,,3.0,60.6,3,13070.0
202,Apartment,Westlands,Unfurnished,2.6,133.6,3,2,2.3,22204.0,,4.0,71.3,3,203543.0
203,Apartment,Ruaka,Unfurnished,18.7,100.0,3,3,13.8,16727.0,,4.0,85.2,4,110732.0
204,Bungalow,South B,Unfurnished,17.6,172.5,5,4,6.8,34487.0,10.7,5.0,93.7,0,271244.0
205,Townhouse,Westlands,Semi-Furnished,4.0,148.3,5,4,13.9,30474.0,18.1,5.0,67.7,4,412686.0
206,Studio,Ruaka,Semi-Furnished,19.6,60.7,1,1,11.8,13665.0,,5.0,85.6,2,13757.0
207,Townhouse,Ngong Road,Unfurnished,10.7,108.6,4,3,2.6,26032.0,13.7,4.0,40.6,3,132551.0
208,Apartment,Westlands,Semi-Furnished,4.2,35.9,1,1,16.1,6444.0,,3.0,62.5,4,36249.0
209,Apartment,Kilimani,Unfurnished,8.3,88.8,3,3,4.2,16985.0,,3.0,72.2,6,99522.0
210,Townhouse,Ngong Road,Semi-Furnished,4.7,44.1,1,1,11.8,8358.0,18.3,4.0,100.0,4,35201.0
211,Townhouse,Kilimani,Unfurnished,5.5,89.1,2,1,9.2,15171.0,10.8,3.0,28.2,1,95540.0
212,Studio,Ngong Road,Unfurnished,1.2,94.0,4,4,10.9,14888.0,,3.0,51.9,2,71587.0
213,Bungalow,Ngong Road,Semi-Furnished,6.5,123.3,4,3,7.2,18733.0,11.0,2.0,7.2,1,102234.0
214,Apartment,Westlands,Unfurnished,0.3,71.5,3,3,10.4,10400.0,,5.0,25.3,4,60973.0
215,Apartment,Karen,Unfurnished,8.9,143.5,5,4,3.3,35384.0,,2.0,75.1,2,406794.0
216,Apartment,Kilimani,Unfurnished,0.4,25.7,2,2,18.8,4836.0,,2.0,45.7,4,50686.0
217,Townhouse,Ruaka,Unfurnished,7.3,51.1,1,1,7.1,6020.0,21.5,3.0,24.9,1,114214.0
218,Studio,Kilimani,Semi-Furnished,4.2,86.6,2,2,17.6,13249.0,,4.0,41.3,0,41697.0
219,Maisonette,Ngong Road,Semi-Furnished,1.7,84.4,2,3,8.6,15558.0,16.8,2.0,36.4,2,87741.0
220,Apartment,Kilimani,Semi-Furnished,13.3,35.0,1,1,5.1,6473.0,,3.0,12.8,0,22977.0
221,Maisonette,Ngong Road,Unfurnished,5.8,137.7,4,3,9.2,25317.0,20.9,2.0,26.7,1,118182.0
222,Bungalow,Westlands,Fully Furnished,5.7,91.6,3,3,8.1,16162.0,16.6,4.0,51.3,1,114824.0
223,Townhouse,Westlands,Unfurnished,4.8,59.2,1,2,19.2,7586.0,11.9,5.0,61.0,2,50620.0
224,Apartment,Kilimani,Unfurnished,12.2,72.6,2,2,15.9,13612.0,,3.0,30.8,1,38230.0
225,Studio,Westlands,Fully Furnished,5.8,93.6,3,2,23.4,18484.0,,3.0,84.6,3,54963.0
226,Apartment,Kilimani,Unfurnished,11.0,87.3,3,2,9.2,18614.0,,,50.1,4,64741.0
227,Maisonette,Ngong Road,Unfurnished,12.3,52.6,1,1,2.5,13982.0,17.8,5.0,52.3,3,19579.0
228,Apartment,South B,Fully Furnished,2.8,92.9,2,2,3.1,19179.0,,4.0,32.3,1,51444.0
229,Maisonette,Ngong Road,Fully Furnished,14.1,122.8,5,4,23.8,21901.0,12.6,3.0,76.5,1,180042.0
230,Maisonette,Karen,Unfurnished,2.9,54.4,1,1,14.3,10303.0,11.1,2.0,46.3,4,56518.0
231,Apartment,Ruaka,Unfurnished,6.0,89.6,3,2,3.5,13873.0,,5.0,26.0,4,73426.0
232,Apartment,Ruaka,Semi-Furnished,7.3,75.9,2,2,12.7,15411.0,,4.0,48.5,2,55145.0
233,Apartment,Ngong Road,Unfurnished,7.0,85.5,3,3,2.0,17987.0,,4.0,94.2,1,62847.0
234,Maisonette,Ruaka,Unfurnished,8.3,117.5,3,2,13.2,15102.0,18.4,4.0,83.8,2,88335.0
235,Apartment,South B,Unfurnished,6.9,40.6,1,2,8.4,8526.0,,3.0,62.6,2,23979.0
236,Townhouse,Westlands,Fully Furnished,1.7,48.7,1,1,5.7,9475.0,10.6,2.0,73.6,0,40664.0
237,Apartment,South B,Fully Furnished,10.5,78.3,3,2,5.8,14240.0,,4.0,43.5,1,44561.0
238,Apartment,South B,Fully Furnished,13.2,127.8,3,2,4.7,23871.0,,4.0,46.2,0,93456.0
239,Maisonette,Karen,Semi-Furnished,18.3,135.1,5,4,10.5,20954.0,4.9,2.0,36.6,2,331291.0
240,Apartment,Westlands,Unfurnished,4.7,87.9,3,2,10.1,17567.0,,3.0,48.0,4,73384.0
241,Bungalow,Kilimani,Semi-Furnished,6.8,88.8,3,3,7.2,13449.0,23.2,3.0,43.0,2,60222.0
242,Studio,South B,Fully Furnished,14.9,71.6,2,2,7.6,13657.0,,5.0,56.4,9,42036.0
243,Townhouse,Ngong Road,Semi-Furnished,1.2,51.4,1,2,15.8,9086.0,23.6,3.0,43.0,3,28925.0
244,Bungalow,Westlands,Unfurnished,6.6,112.1,4,4,5.1,23142.0,15.7,4.0,60.1,1,191608.0
245,Townhouse,Ruaka,Unfurnished,10.1,108.4,3,3,11.3,14041.0,16.3,3.0,32.7,0,48441.0
246,Bungalow,Ruaka,Unfurnished,16.0,92.9,3,3,5.6,16819.0,8.3,3.0,63.4,2,67941.0
247,Apartment,Kilimani,Fully Furnished,3.6,82.7,2,2,22.9,10564.0,,,47.8,2,74964.0
248,Townhouse,Ngong Road,Unfurnished,8.0,101.6,3,4,14.5,18404.0,12.3,1.0,60.4,2,72761.0
249,Apartment,Kilimani,Semi-Furnished,2.5,62.2,1,1,8.0,4438.0,,3.0,88.0,5,69143.0
250,Bungalow,South B,Unfurnished,4.5,91.1,3,3,2.9,11988.0,17.6,3.0,68.6,3,79016.0
251,Apartment,Ruaka,Unfurnished,3.0,48.6,1,2,3.2,9945.0,,4.0,100.0,5,53600.0
252,Apartment,South B,Unfurnished,9.5,96.4,4,3,7.4,9628.0,,2.0,59.1,2,84152.0
253,Apartment,Ruaka,Fully Furnished,7.1,123.2,4,3,8.5,19208.0,,4.0,45.0,2,216196.0
254,Studio,Kilimani,Unfurnished,1.5,40.6,2,2,18.8,4414.0,,4.0,53.7,1,24376.0
255,Apartment,Kilimani,Fully Furnished,3.3,57.2,3,3,11.4,11687.0,,3.0,50.5,2,94851.0
256,Studio,South B,Unfurnished,1.0,126.9,4,3,5.9,27656.0,,3.0,20.4,3,72907.0
257,Studio,Ngong Road,Fully Furnished,14.9,70.3,2,1,2.4,10879.0,,5.0,46.4,0,26713.0
258,Apartment,Karen,Semi-Furnished,1.2,134.0,4,2,3.8,25189.0,,,45.4,4,289628.0
259,Studio,Ngong Road,Unfurnished,5.1,44.0,1,1,8.6,8181.0,,4.0,43.3,1,11235.0
260,Maisonette,Ngong Road,Semi-Furnished,7.8,87.0,3,2,25.2,11837.0,12.5,4.0,23.3,4,61271.0
261,Apartment,Ruaka,Unfurnished,4.4,76.7,3,3,5.1,13679.0,,4.0,51.8,4,99225.0
262,Apartment,Westlands,Semi-Furnished,17.0,135.6,4,3,20.3,18136.0,,4.0,28.8,1,156136.0
263,Apartment,Westlands,Semi-Furnished,5.0,95.9,4,4,19.0,22146.0,,4.0,44.3,0,69586.0
264,Apartment,Ruaka,Unfurnished,12.4,22.0,0,1,2.6,3043.0,,2.0,32.7,1,9128.0
265,Apartment,Ngong Road,Semi-Furnished,1.6,97.6,4,3,12.0,15327.0,,4.0,40.6,3,79522.0
266,Townhouse,Kilimani,Unfurnished,16.9,67.0,3,3,2.9,14053.0,17.7,4.0,37.5,1,40919.0
267,Studio,Ruaka,Unfurnished,3.7,25.2,0,1,5.3,4281.0,,2.0,60.6,2,9941.0
268,Apartment,Ngong Road,Fully Furnished,0.7,90.6,3,2,2.4,14565.0,,4.0,79.7,5,102767.0
269,Townhouse,South B,Unfurnished,6.9,22.0,0,1,9.9,5097.0,23.7,4.0,78.3,2,18022.0
270,Apartment,South B,Unfurnished,8.8,130.7,3,3,8.8,27728.0,,4.0,57.5,2,90422.0
271,Apartment,Westlands,Semi-Furnished,1.1,28.9,1,1,4.7,4026.0,,4.0,45.9,1,32051.0
272,Apartment,Kilimani,Semi-Furnished,1.9,77.4,3,4,8.4,18102.0,,,78.3,1,82155.0
273,Apartment,South B,Unfurnished,12.5,129.6,4,3,12.6,25143.0,,4.0,31.3,1,80251.0
274,Apartment,Ngong Road,Semi-Furnished,9.4,97.6,3,2,10.8,18885.0,,4.0,50.2,1,83811.0
275,Bungalow,Kilimani,Unfurnished,6.9,129.2,4,3,25.0,18569.0,13.1,3.0,38.6,0,88422.0
276,Maisonette,Kilimani,Unfurnished,0.7,82.0,2,2,18.2,14677.0,17.3,3.0,47.4,1,65719.0
277,Apartment,Kilimani,Unfurnished,4.4,103.1,4,3,1.4,16047.0,,3.0,55.2,1,95868.0
278,Townhouse,Ruaka,Semi-Furnished,3.3,146.8,5,4,7.6,30642.0,19.3,5.0,38.5,2,246949.0
279,Maisonette,Ruaka,Unfurnished,24.5,36.3,2,3,5.2,6518.0,19.4,3.0,28.4,2,30015.0
280,Townhouse,Karen,Semi-Furnished,12.4,28.0,1,1,9.0,7576.0,9.7,2.0,39.1,2,35263.0
281,Maisonette,Ngong Road,Semi-Furnished,16.6,69.1,2,2,17.3,16537.0,18.5,3.0,67.3,1,33869.0
282,Studio,South B,Unfurnished,8.0,31.1,2,1,9.5,4210.0,,5.0,37.4,1,13697.0
283,Apartment,Ruaka,Unfurnished,3.7,39.6,1,2,11.9,6597.0,,,52.2,3,25407.0
284,Apartment,Kilimani,Fully Furnished,10.6,103.7,4,3,7.2,17176.0,,4.0,55.9,5,152436.0
285,Apartment,Kilimani,Semi-Furnished,10.3,76.0,2,2,10.6,8397.0,,5.0,65.5,1,58625.0
286,Apartment,Karen,Fully Furnished,6.9,96.7,3,3,5.0,12023.0,,2.0,19.2,1,99955.0
287,Bungalow,Ngong Road,Semi-Furnished,5.9,119.1,4,4,7.9,22766.0,5.3,,29.8,2,171568.0
288,Apartment,South B,Fully Furnished,7.0,114.3,4,3,21.4,26194.0,,3.0,96.1,5,149511.0
289,Studio,Ngong Road,Unfurnished,10.5,91.1,2,2,2.6,16045.0,,3.0,63.9,2,39505.0
290,Apartment,Westlands,Unfurnished,5.9,121.4,5,4,6.4,22805.0,,4.0,73.3,1,187442.0
291,Apartment,Karen,Semi-Furnished,15.6,95.7,2,2,2.2,10916.0,,2.0,39.7,5,87648.0
292,Apartment,Karen,Unfurnished,26.1,151.0,5,4,3.4,32082.0,,3.0,36.1,2,201198.0
293,Maisonette,Westlands,Semi-Furnished,8.3,59.3,1,1,4.0,12936.0,13.7,5.0,74.2,3,62403.0
294,Maisonette,Ruaka,Unfurnished,8.1,35.9,1,1,8.1,5859.0,8.2,5.0,64.7,1,32244.0
295,Apartment,Kilimani,Semi-Furnished,9.2,63.3,3,3,7.7,10669.0,,3.0,69.2,4,71451.0
296,Apartment,Ruaka,Semi-Furnished,9.6,48.8,1,1,17.3,5815.0,,4.0,43.1,2,23994.0
297,Bungalow,Karen,Semi-Furnished,1.4,61.8,2,1,5.5,15588.0,15.0,1.0,64.6,1,62271.0
298,Apartment,Westlands,Fully Furnished,19.8,26.3,0,1,4.0,5442.0,,4.0,33.3,4,31965.0
299,Bungalow,Kilimani,Unfurnished,0.4,125.2,3,1,15.7,18081.0,9.5,5.0,6.6,3,93372.0
300,Apartment,Westlands,Fully Furnished,7.6,127.4,4,3,28.7,23808.0,,3.0,52.9,2,146103.0
301,Maisonette,Karen,Unfurnished,12.0,57.6,2,3,7.3,10852.0,8.9,4.0,74.5,1,68951.0
302,Bungalow,Westlands,Semi-Furnished,3.2,82.8,2,2,4.7,12809.0,0.0,4.0,90.1,2,119589.0
303,Apartment,Westlands,Unfurnished,3.0,94.2,3,3,4.9,17540.0,,4.0,69.9,2,75291.0
304,Apartment,Westlands,Semi-Furnished,3.9,83.3,4,3,1.5,16433.0,,3.0,67.3,4,179245.0
305,Apartment,Karen,Semi-Furnished,5.7,201.3,6,5,7.2,43070.0,,4.0,38.8,1,597481.0
306,Apartment,Westlands,Fully Furnished,5.6,122.0,4,3,17.9,19898.0,,5.0,26.3,2,163170.0
307,Maisonette,Kilimani,Unfurnished,2.3,98.4,4,3,2.1,11784.0,15.8,4.0,61.2,4,165346.0
308,Maisonette,Kilimani,Unfurnished,2.0,86.0,2,2,1.6,18824.0,9.5,2.0,35.2,1,84284.0
309,Studio,Karen,Unfurnished,6.1,38.8,1,1,1.5,5651.0,,3.0,57.1,7,38697.0
310,Apartment,South B,Fully Furnished,2.3,70.3,3,3,2.6,8135.0,,4.0,65.2,3,103218.0
311,Studio,Westlands,Unfurnished,14.6,68.9,1,1,9.0,14034.0,,3.0,24.6,5,32048.0
312,Maisonette,Westlands,Unfurnished,3.7,107.6,3,2,5.8,22905.0,19.0,3.0,74.6,2,160704.0
313,Studio,Ruaka,Fully Furnished,17.4,104.0,2,2,11.6,16701.0,,4.0,47.7,1,53456.0
314,Apartment,Westlands,Unfurnished,7.2,109.8,3,2,6.2,15880.0,,4.0,66.7,2,113119.0
315,Apartment,Karen,Semi-Furnished,9.0,82.6,3,2,16.0,18393.0,,5.0,41.9,4,63565.0
316,Apartment,Ngong Road,Fully Furnished,3.1,82.8,3,3,7.9,17807.0,,5.0,39.0,3,74077.0
317,Maisonette,Karen,Semi-Furnished,6.3,22.0,1,1,3.1,4292.0,19.5,5.0,82.3,3,41062.0
318,Studio,Westlands,Unfurnished,8.5,127.7,4,3,2.1,28685.0,,3.0,73.8,2,89988.0
319,Bungalow,Westlands,Fully Furnished,6.7,148.9,4,3,4.6,24532.0,12.6,4.0,66.8,1,324530.0
320,Bungalow,Ruaka,Unfurnished,6.3,22.0,1,1,9.7,3865.0,20.7,2.0,36.5,3,22295.0
321,Apartment,Ngong Road,Unfurnished,5.1,69.0,3,2,2.4,11688.0,,5.0,73.5,0,41656.0
322,Studio,Ruaka,Semi-Furnished,14.6,47.6,1,1,12.5,10041.0,,4.0,58.3,0,16225.0
323,Studio,South B,Unfurnished,5.8,101.2,3,3,8.6,22935.0,,3.0,85.8,4,78869.0
324,Studio,Kilimani,Unfurnished,6.9,102.6,4,3,17.2,21298.0,,4.0,79.7,2,88341.0
325,Townhouse,Ngong Road,Fully Furnished,2.0,75.6,3,2,6.4,7020.0,18.3,3.0,6.2,3,84203.0
326,Apartment,Karen,Unfurnished,10.5,43.4,1,1,2.4,8097.0,,2.0,49.1,4,48379.0
327,Townhouse,Ngong Road,Semi-Furnished,14.9,41.5,1,1,9.7,11028.0,21.9,4.0,89.2,1,21335.0
328,Studio,Ngong Road,Semi-Furnished,6.5,46.6,1,1,4.4,6586.0,,3.0,94.7,2,30147.0
329,Studio,Ruaka,Unfurnished,13.0,56.2,1,1,1.5,11824.0,,,75.6,1,20970.0
330,Maisonette,Ngong Road,Fully Furnished,5.7,57.0,1,1,7.3,14002.0,9.4,3.0,2.4,2,48193.0
331,Studio,Kilimani,Semi-Furnished,7.7,40.2,1,1,9.8,8056.0,,3.0,63.4,2,19820.0
332,Apartment,Ngong Road,Semi-Furnished,5.7,80.0,2,2,9.4,14651.0,,,62.9,1,44637.0
333,Bungalow,Kilimani,Unfurnished,2.6,71.8,2,1,18.0,16929.0,17.5,4.0,96.8,3,49028.0
334,Apartment,Kilimani,Unfurnished,5.9,78.0,2,2,12.7,14134.0,,4.0,49.5,0,59779.0
335,Townhouse,Westlands,Semi-Furnished,11.5,83.8,3,2,14.1,16083.0,10.3,2.0,65.2,0,77758.0
336,Apartment,Karen,Unfurnished,4.6,93.4,4,3,4.2,14540.0,,5.0,100.0,3,206244.0
337,Townhouse,Ruaka,Semi-Furnished,4.5,78.0,2,2,7.5,14532.0,5.4,4.0,100.0,1,51334.0
338,Studio,Kilimani,Semi-Furnished,1.3,91.7,2,2,12.8,12722.0,,3.0,68.3,1,52307.0
339,Maisonette,Ruaka,Unfurnished,8.0,73.6,2,2,2.0,11109.0,10.5,4.0,40.7,2,60513.0
340,Studio,Kilimani,Unfurnished,7.1,64.6,3,3,8.5,12932.0,,4.0,35.1,1,29789.0
341,Apartment,Ngong Road,Unfurnished,0.8,96.9,2,2,22.6,17017.0,,2.0,24.0,0,23197.0
342,Townhouse,Ngong Road,Unfurnished,9.7,56.5,1,1,13.5,9701.0,17.4,3.0,64.3,3,40161.0
343,Bungalow,Karen,Semi-Furnished,2.3,134.4,5,4,5.6,18347.0,24.7,5.0,75.8,3,286743.0
344,Studio,Westlands,Fully Furnished,2.1,53.5,2,1,10.0,10174.0,,3.0,83.5,2,48276.0
345,Townhouse,Karen,Unfurnished,10.0,82.2,3,3,8.1,20232.0,21.6,3.0,70.8,0,59173.0
346,Bungalow,Ngong Road,Fully Furnished,9.0,110.2,3,3,31.6,21602.0,10.2,4.0,39.8,3,75164.0
347,Studio,South B,Unfurnished,7.8,102.1,4,4,3.6,16547.0,,,88.1,3,71145.0
348,Apartment,South B,Fully Furnished,13.4,110.4,3,3,14.6,20118.0,,4.0,94.7,2,90458.0
349,Apartment,South B,Semi-Furnished,12.2,48.4,2,3,6.5,6999.0,,5.0,57.5,4,30767.0
350,Maisonette,Ngong Road,Unfurnished,6.8,77.2,3,2,26.4,17039.0,20.8,5.0,34.1,2,48231.0
351,Apartment,Kilimani,Unfurnished,24.5,33.2,2,3,13.6,5845.0,,5.0,67.2,3,28672.0
352,Studio,Ngong Road,Unfurnished,5.3,61.0,2,2,14.4,9192.0,,3.0,100.0,1,26499.0
353,Bungalow,Westlands,Fully Furnished,5.3,88.5,2,2,14.2,22247.0,20.2,3.0,53.2,2,121291.0
354,Studio,Kilimani,Unfurnished,7.7,125.2,4,3,7.6,24816.0,,4.0,78.7,1,76951.0
355,Apartment,Westlands,Unfurnished,2.1,114.7,3,2,11.9,18309.0,,3.0,14.3,2,77806.0
356,Apartment,Kilimani,Unfurnished,9.4,119.5,3,3,6.1,22053.0,,4.0,40.9,5,206642.0
357,Maisonette,South B,Fully Furnished,8.0,102.1,4,3,4.8,18628.0,18.6,4.0,84.7,2,129936.0
358,Apartment,South B,Semi-Furnished,6.2,105.2,3,3,16.2,19829.0,,5.0,29.6,2,65406.0
359,Studio,Karen,Unfurnished,9.8,68.8,2,2,10.1,13785.0,,4.0,45.2,2,35281.0
360,Apartment,Ngong Road,Unfurnished,4.5,121.3,4,4,1.9,21426.0,,3.0,47.1,0,85392.0
361,Apartment,Westlands,Fully Furnished,3.8,123.6,4,3,14.8,27201.0,,4.0,64.7,2,161383.0
362,Maisonette,Ruaka,Unfurnished,4.3,76.6,1,1,13.7,14023.0,13.8,3.0,76.5,1,30847.0
363,Townhouse,Ruaka,Semi-Furnished,3.4,70.5,3,3,4.1,10246.0,6.7,3.0,25.9,1,41327.0
364,Apartment,Karen,Semi-Furnished,10.6,75.1,3,3,4.6,13949.0,,3.0,51.3,1,77117.0
365,Apartment,Kilimani,Unfurnished,2.9,47.1,2,1,0.7,4849.0,,4.0,59.5,1,32873.0
366,Bungalow,South B,Semi-Furnished,6.2,113.2,4,3,7.2,24101.0,12.1,4.0,76.2,1,137417.0
367,Apartment,Westlands,Unfurnished,1.3,72.3,2,3,16.1,15002.0,,4.0,50.1,1,42056.0
368,Townhouse,Kilimani,Fully Furnished,10.9,44.9,1,1,3.4,9313.0,12.9,4.0,43.9,1,40031.0
369,Apartment,Westlands,Unfurnished,2.3,55.5,1,2,13.3,8086.0,,5.0,25.3,4,30590.0
370,Apartment,Karen,Semi-Furnished,11.2,113.4,3,2,12.8,22112.0,,,33.6,0,86634.0
371,Maisonette,South B,Unfurnished,1.5,149.9,5,4,5.9,25177.0,18.1,5.0,18.7,4,243167.0
372,Bungalow,Ruaka,Unfurnished,6.8,39.4,1,1,5.5,9224.0,13.7,4.0,32.0,3,23979.0
373,Townhouse,Ngong Road,Unfurnished,3.2,28.0,1,2,11.4,4635.0,16.5,,39.8,4,25121.0
374,Apartment,Ruaka,Semi-Furnished,7.2,22.0,0,1,3.6,5933.0,,3.0,25.4,1,18063.0
375,Apartment,Westlands,Semi-Furnished,4.9,99.7,3,2,17.8,20497.0,,4.0,62.9,0,80201.0
376,Apartment,Ngong Road,Fully Furnished,3.8,118.4,3,2,12.2,24328.0,,4.0,76.4,2,91365.0
377,Townhouse,Kilimani,Unfurnished,1.1,90.0,3,3,7.6,16249.0,13.4,4.0,46.2,5,163978.0
378,Studio,Kilimani,Unfurnished,3.6,77.1,3,3,7.4,14357.0,,3.0,31.3,5,51029.0
379,Studio,South B,Unfurnished,0.5,56.9,2,2,10.2,9991.0,,2.0,44.3,1,28454.0
380,Apartment,Westlands,Unfurnished,12.3,76.7,2,2,7.4,11973.0,,4.0,13.5,2,74176.0
381,Apartment,Ngong Road,Semi-Furnished,10.2,59.4,2,3,11.6,10986.0,,3.0,54.2,1,44127.0
382,Apartment,Kilimani,Unfurnished,2.9,62.3,2,3,14.5,11405.0,,2.0,88.6,0,52559.0
383,Maisonette,Kilimani,Semi-Furnished,13.3,76.9,2,2,3.8,12321.0,13.8,4.0,40.9,5,78682.0
384,Apartment,Westlands,Fully Furnished,14.1,75.2,3,3,1.9,11172.0,,3.0,38.4,1,98049.0
385,Maisonette,South B,Unfurnished,4.3,98.3,3,3,5.2,18056.0,20.2,5.0,56.4,2,77201.0
386,Studio,Ngong Road,Fully Furnished,7.3,94.7,2,3,11.2,20550.0,,4.0,35.0,4,59852.0
387,Apartment,Westlands,Unfurnished,2.2,63.4,2,2,6.8,12273.0,,3.0,52.2,2,53087.0
388,Apartment,Westlands,Unfurnished,15.9,52.8,1,1,8.1,9421.0,,3.0,30.8,0,28959.0
389,Apartment,South B,Unfurnished,8.8,80.1,3,2,16.5,13356.0,,3.0,36.9,2,63592.0
390,Maisonette,Ruaka,Unfurnished,6.2,73.9,2,2,8.5,19084.0,15.9,3.0,20.8,1,32613.0
391,Bungalow,Ruaka,Unfurnished,2.3,87.9,3,3,4.7,11936.0,6.7,5.0,31.2,1,110923.0
392,Maisonette,South B,Unfurnished,2.8,156.8,5,4,3.7,29982.0,14.0,4.0,48.7,3,292100.0
393,Studio,Ruaka,Unfurnished,2.2,81.7,3,2,7.6,11305.0,,5.0,36.3,5,54994.0
394,Apartment,Kilimani,Unfurnished,2.6,154.2,5,4,2.7,27631.0,,3.0,58.5,3,195812.0
395,Maisonette,Kilimani,Semi-Furnished,10.2,58.5,2,2,8.4,12976.0,2.3,4.0,17.0,3,47527.0
396,Townhouse,Karen,Semi-Furnished,8.5,81.6,3,2,4.1,9814.0,12.9,4.0,83.8,1,90558.0
397,Apartment,Kilimani,Semi-Furnished,3.0,40.3,2,3,4.9,10189.0,,2.0,17.1,2,34560.0
398,Apartment,Westlands,Unfurnished,15.7,62.7,2,2,7.8,13308.0,,3.0,67.1,2,48510.0
399,Townhouse,Karen,Unfurnished,8.8,66.7,2,2,12.9,9769.0,25.3,2.0,44.5,1,75330.0
400,Bungalow,Ngong Road,Unfurnished,3.2,71.1,3,3,11.8,14033.0,11.3,4.0,45.5,2,56358.0
401,Apartment,Ruaka,Unfurnished,3.3,93.4,4,3,6.7,17520.0,,3.0,40.5,1,76288.0
402,Apartment,Kilimani,Semi-Furnished,7.9,81.1,2,1,6.2,13478.0,,4.0,9.3,0,45209.0
403,Apartment,Karen,Semi-Furnished,16.5,53.6,1,1,20.7,13136.0,,2.0,34.6,2,23715.0
404,Townhouse,Karen,Unfurnished,7.3,59.4,2,2,3.4,9769.0,0.0,5.0,68.3,6,142866.0
405,Maisonette,South B,Unfurnished,3.5,94.4,3,3,10.2,18398.0,12.8,5.0,38.5,1,57249.0
406,Apartment,South B,Unfurnished,0.8,55.1,1,1,11.6,10116.0,,5.0,41.6,2,36547.0
407,Bungalow,Westlands,Fully Furnished,6.3,56.9,1,1,15.1,5919.0,17.2,3.0,48.1,2,41241.0
408,Apartment,Ngong Road,Unfurnished,4.2,103.3,2,2,15.2,20508.0,,3.0,100.0,2,68534.0
409,Apartment,Karen,Semi-Furnished,3.3,96.6,3,2,2.9,14350.0,,3.0,55.1,1,156936.0
410,Studio,Kilimani,Semi-Furnished,13.0,99.1,4,2,8.1,20820.0,,2.0,38.3,2,65068.0
411,Apartment,Karen,Unfurnished,3.2,38.2,1,1,9.1,7585.0,,2.0,41.4,0,26752.0
412,Bungalow,Kilimani,Semi-Furnished,5.0,85.6,2,2,8.0,20392.0,10.4,3.0,66.7,3,71983.0
413,Apartment,Ruaka,Unfurnished,11.8,38.2,2,1,4.7,4094.0,,3.0,42.3,3,27586.0
414,Apartment,South B,Unfurnished,3.2,97.9,2,3,6.2,17733.0,,4.0,90.8,1,67312.0
415,Apartment,Ruaka,Unfurnished,5.7,107.2,3,4,22.4,17370.0,,3.0,77.2,2,87920.0
416,Apartment,Westlands,Semi-Furnished,1.0,22.0,0,1,8.1,1000.0,,4.0,81.1,4,33347.0
417,Maisonette,Westlands,Unfurnished,19.8,87.4,4,4,13.1,13852.0,17.7,2.0,46.8,0,87315.0
418,Maisonette,Kilimani,Unfurnished,3.6,105.1,4,3,4.3,14055.0,19.2,2.0,88.8,4,138268.0
419,Bungalow,Westlands,Unfurnished,6.2,127.9,4,2,2.2,18650.0,10.1,2.0,50.8,3,132094.0
420,Maisonette,Ruaka,Fully Furnished,18.0,83.3,3,3,5.0,20306.0,27.8,4.0,51.2,2,61722.0
421,Apartment,Kilimani,Unfurnished,8.1,33.9,1,2,7.9,9936.0,,5.0,46.9,1,30871.0
422,Apartment,South B,Unfurnished,9.9,31.9,1,1,16.2,2857.0,,4.0,37.4,3,15636.0
423,Studio,Karen,Unfurnished,10.5,107.0,3,3,1.5,21779.0,,,52.2,2,57401.0
424,Maisonette,Kilimani,Unfurnished,8.3,81.4,3,3,2.6,14295.0,22.9,4.0,67.5,3,107035.0
425,Bungalow,Westlands,Semi-Furnished,8.7,139.2,4,3,5.2,32410.0,15.5,3.0,60.1,1,287931.0
426,Apartment,Kilimani,Semi-Furnished,3.0,147.4,5,4,17.3,25935.0,,4.0,79.6,2,204226.0
427,Apartment,Westlands,Unfurnished,4.2,102.1,3,3,2.0,21709.0,,3.0,52.5,2,91602.0
428,Maisonette,Westlands,Unfurnished,5.8,70.4,1,2,4.6,12475.0,19.5,5.0,82.9,3,68652.0
429,Bungalow,Westlands,Fully Furnished,4.2,123.3,4,3,6.6,22274.0,22.6,4.0,52.5,5,262090.0
430,Maisonette,Kilimani,Unfurnished,3.9,126.5,4,4,7.2,20323.0,5.3,3.0,64.5,4,252028.0
431,Apartment,Ngong Road,Unfurnished,5.9,102.3,2,2,45.0,19738.0,,,62.8,2,26356.0
432,Maisonette,South B,Semi-Furnished,1.0,78.3,3,2,10.0,15822.0,13.8,4.0,48.2,2,49597.0
433,Apartment,Ruaka,Unfurnished,3.9,94.9,4,3,9.6,17908.0,,5.0,35.6,4,140781.0
434,Apartment,South B,Semi-Furnished,4.1,117.7,3,2,8.4,24062.0,,4.0,44.2,1,79925.0
435,Studio,Ruaka,Unfurnished,2.9,54.2,1,2,14.5,11147.0,,5.0,65.7,3,24887.0
436,Apartment,Ruaka,Fully Furnished,3.5,137.5,4,3,3.5,27115.0,,4.0,42.7,2,117929.0
437,Townhouse,Westlands,Semi-Furnished,1.8,48.2,2,1,6.1,9531.0,12.8,5.0,79.8,1,65766.0
438,Studio,Ruaka,Fully Furnished,17.0,62.0,2,2,3.6,6562.0,,4.0,28.4,1,32211.0
439,Apartment,Karen,Unfurnished,4.9,44.7,1,1,4.2,8742.0,,4.0,73.4,1,42662.0
440,Bungalow,South B,Unfurnished,7.3,22.0,1,1,8.8,2403.0,20.5,4.0,43.9,5,22337.0
441,Apartment,South B,Semi-Furnished,7.9,85.6,2,2,11.1,13206.0,,3.0,62.2,4,54754.0
442,Bungalow,South B,Unfurnished,6.1,97.1,3,3,8.1,15694.0,15.7,5.0,57.7,2,90211.0
443,Bungalow,Karen,Semi-Furnished,9.4,38.0,0,1,3.4,6245.0,12.7,4.0,56.7,2,21701.0
444,Townhouse,Kilimani,Unfurnished,2.2,55.7,2,2,2.5,9549.0,12.9,5.0,35.8,1,53746.0
445,Bungalow,Ngong Road,Semi-Furnished,10.6,74.3,4,3,6.4,10406.0,20.8,2.0,98.7,4,116880.0
446,Bungalow,Ruaka,Unfurnished,17.5,100.7,3,2,9.0,19462.0,8.9,1.0,44.9,3,79475.0
447,Townhouse,Ngong Road,Fully Furnished,6.3,51.7,1,1,6.5,5305.0,7.3,4.0,14.0,2,26585.0
448,Apartment,Kilimani,Unfurnished,10.7,56.1,1,1,6.6,9522.0,,3.0,35.4,4,33347.0
449,Apartment,Kilimani,Fully Furnished,0.2,106.1,3,3,7.3,17381.0,,3.0,33.3,0,92333.0
450,Maisonette,Ruaka,Semi-Furnished,3.9,40.9,2,2,6.2,10709.0,15.3,3.0,82.8,1,53705.0
451,Bungalow,Kilimani,Fully Furnished,9.5,79.6,3,3,2.0,10662.0,14.8,4.0,74.0,4,115088.0
452,Apartment,Ngong Road,Unfurnished,3.3,87.6,2,2,5.2,10910.0,,2.0,18.3,5,84214.0
453,Townhouse,Kilimani,Semi-Furnished,3.8,46.8,1,1,14.2,5695.0,8.1,5.0,32.7,3,51025.0
454,Townhouse,South B,Unfurnished,18.4,104.0,3,2,4.4,21052.0,11.3,4.0,33.6,2,71605.0
455,Townhouse,South B,Unfurnished,11.8,33.3,1,1,16.6,6158.0,13.0,3.0,44.9,1,11051.0
456,Bungalow,Ruaka,Fully Furnished,2.1,91.0,3,2,5.4,10290.0,13.8,5.0,31.5,4,94215.0
457,Maisonette,Ruaka,Unfurnished,8.5,138.7,4,4,11.4,30255.0,14.5,2.0,68.4,1,231027.0
458,Townhouse,South B,Unfurnished,4.2,121.6,4,3,5.4,21204.0,12.9,3.0,77.8,0,108199.0
459,Bungalow,Ngong Road,Semi-Furnished,1.2,128.5,4,3,10.0,25592.0,21.4,4.0,42.0,4,150718.0
460,Townhouse,Ngong Road,Semi-Furnished,1.4,69.5,2,1,7.7,13623.0,15.7,3.0,63.3,4,60845.0
461,Bungalow,Karen,Unfurnished,3.3,128.8,3,2,10.5,24372.0,18.1,4.0,35.1,1,133799.0
462,Apartment,Kilimani,Fully Furnished,3.3,159.5,4,4,6.5,27571.0,,5.0,34.5,4,251808.0
463,Studio,South B,Semi-Furnished,3.1,85.9,3,3,4.8,13154.0,,3.0,65.0,1,45406.0
464,Apartment,Westlands,Fully Furnished,3.4,99.7,1,1,4.8,24691.0,,4.0,60.6,1,79900.0
465,Townhouse,Karen,Fully Furnished,10.5,69.9,2,2,5.4,12803.0,10.7,3.0,48.5,1,72462.0
466,Apartment,Westlands,Unfurnished,2.5,156.8,4,4,2.1,24854.0,,3.0,63.5,1,251817.0
467,Apartment,Kilimani,Fully Furnished,13.6,74.2,3,2,8.0,14669.0,,3.0,81.7,0,94353.0
468,Apartment,Kilimani,Semi-Furnished,5.7,155.1,6,5,3.1,35217.0,,3.0,16.4,5,527158.0
469,Maisonette,South B,Unfurnished,8.3,78.9,2,3,22.1,9677.0,8.8,4.0,58.5,6,57902.0
470,Maisonette,Ruaka,Semi-Furnished,3.3,140.7,5,4,6.7,28439.0,20.7,3.0,75.1,6,398754.0
471,Maisonette,Kilimani,Semi-Furnished,6.5,22.3,0,1,6.4,3658.0,3.4,,41.6,1,24638.0
472,Townhouse,South B,Fully Furnished,2.4,108.4,4,4,7.6,21231.0,29.6,3.0,56.8,1,192898.0
473,Maisonette,South B,Semi-Furnished,10.7,39.0,1,1,5.4,8681.0,5.7,5.0,80.3,1,33771.0
474,Bungalow,South B,Unfurnished,20.8,145.1,5,4,8.5,26842.0,22.4,4.0,48.8,1,164165.0
475,Bungalow,Ruaka,Semi-Furnished,8.2,44.6,1,1,7.3,8292.0,20.5,3.0,52.7,2,39402.0
476,Maisonette,Ngong Road,Unfurnished,8.5,22.0,2,2,3.9,6511.0,22.7,5.0,19.6,4,38710.0
477,Apartment,Westlands,Semi-Furnished,7.3,74.2,3,3,0.8,15330.0,,3.0,58.3,1,54524.0
478,Apartment,South B,Unfurnished,3.7,47.6,3,3,4.7,4704.0,,3.0,29.1,4,45931.0
479,Bungalow,Ruaka,Unfurnished,8.8,168.2,6,5,2.3,35569.0,12.1,3.0,86.6,4,444762.0
480,Studio,Ruaka,Unfurnished,11.4,115.7,4,3,5.7,23427.0,,4.0,42.7,1,88735.0
481,Townhouse,Westlands,Semi-Furnished,9.6,102.5,2,3,13.2,14602.0,14.4,4.0,45.9,0,80924.0
482,Apartment,Westlands,Fully Furnished,31.5,76.2,2,1,9.0,9104.0,,5.0,78.7,2,34553.0
483,Apartment,Kilimani,Unfurnished,4.7,116.6,4,3,5.1,18942.0,,3.0,58.3,1,97137.0
484,Apartment,Karen,Unfurnished,9.3,55.3,1,1,9.7,8292.0,,3.0,81.1,1,260223.0
485,Apartment,South B,Semi-Furnished,4.5,78.4,2,1,0.8,10298.0,,4.0,29.2,1,57005.0
486,Studio,Ruaka,Semi-Furnished,13.3,83.9,2,1,14.9,11421.0,,3.0,73.6,4,44184.0
487,Apartment,Ngong Road,Unfurnished,2.9,111.9,3,2,5.7,22390.0,,5.0,59.9,0,63581.0
488,Bungalow,Kilimani,Semi-Furnished,2.2,80.5,2,3,5.8,18239.0,19.0,4.0,61.5,1,88192.0
489,Apartment,Karen,Unfurnished,6.1,67.1,2,3,9.8,13428.0,,3.0,56.3,1,46138.0
490,Apartment,Kilimani,Fully Furnished,1.5,65.0,2,3,8.8,11337.0,,4.0,69.1,2,52366.0
491,Townhouse,Ngong Road,Fully Furnished,10.4,118.1,3,2,9.8,26975.0,15.7,4.0,50.6,1,120592.0
492,Townhouse,Westlands,Unfurnished,3.6,65.7,2,2,10.1,10085.0,18.6,2.0,72.1,0,51194.0
493,Bungalow,Westlands,Semi-Furnished,3.8,96.4,3,2,3.2,12547.0,8.6,4.0,64.8,0,86248.0
494,Apartment,South B,Unfurnished,7.8,92.2,3,3,8.4,13938.0,,3.0,45.1,4,49196.0
495,Studio,Ngong Road,Unfurnished,8.5,22.0,1,2,16.4,2502.0,,1.0,82.0,1,12684.0
496,Bungalow,Ngong Road,Semi-Furnished,4.4,107.6,3,3,9.4,22103.0,18.0,4.0,13.3,1,54795.0
497,Studio,Karen,Unfurnished,8.4,96.4,3,2,6.4,15804.0,,3.0,35.6,3,46049.0
498,Apartment,Westlands,Unfurnished,5.3,69.5,3,3,6.1,15418.0,,5.0,38.2,1,96761.0
499,Apartment,Ngong Road,Unfurnished,13.2,105.4,2,2,2.0,25658.0,,4.0,51.8,3,68760.0
500,Townhouse,Ruaka,Fully Furnished,4.2,78.2,2,2,14.0,11949.0,18.5,3.0,40.0,2,37957.0
501,Apartment,Ngong Road,Fully Furnished,4.0,85.0,2,2,13.3,15262.0,,5.0,67.3,1,44506.0
502,Apartment,Kilimani,Fully Furnished,7.0,101.0,3,2,13.6,20644.0,,3.0,86.3,2,135820.0
503,Bungalow,Ngong Road,Unfurnished,9.7,81.7,2,2,8.7,17567.0,8.1,3.0,34.7,2,48715.0
504,Maisonette,Ngong Road,Semi-Furnished,8.6,44.3,0,1,15.2,7565.0,10.2,4.0,46.6,3,24016.0
505,Bungalow,Ngong Road,Semi-Furnished,8.2,88.6,4,4,5.5,9052.0,12.4,2.0,57.5,2,137284.0
506,Townhouse,Westlands,Unfurnished,4.5,111.8,5,3,10.4,18444.0,16.6,3.0,57.7,3,155629.0
507,Studio,Karen,Unfurnished,10.8,143.4,6,4,12.7,26936.0,,3.0,45.0,2,257744.0
508,Bungalow,South B,Unfurnished,4.4,107.4,3,2,22.0,17782.0,8.8,2.0,60.6,2,41577.0
509,Studio,Westlands,Unfurnished,1.4,121.7,3,2,11.7,24224.0,,4.0,35.9,1,56239.0
510,Maisonette,South B,Unfurnished,2.4,53.1,2,3,37.5,11287.0,14.9,5.0,45.2,4,34112.0
511,Apartment,Ngong Road,Fully Furnished,6.9,103.2,3,3,4.4,15617.0,,3.0,65.9,4,106652.0
512,Apartment,Ruaka,Fully Furnished,5.8,46.9,2,2,24.6,6902.0,,2.0,37.3,7,38395.0
513,Apartment,Ruaka,Unfurnished,6.7,125.7,4,4,15.7,25526.0,,4.0,17.8,6,97912.0
514,Apartment,Westlands,Unfurnished,14.4,81.5,3,3,9.4,10955.0,,5.0,86.8,5,136630.0
515,Studio,Westlands,Semi-Furnished,9.8,85.2,1,2,1.9,17154.0,,4.0,54.5,3,49879.0
516,Maisonette,Westlands,Unfurnished,5.5,39.8,2,2,7.5,5529.0,18.1,3.0,77.8,1,60397.0
517,Apartment,Westlands,Unfurnished,2.8,116.6,3,3,14.9,21567.0,,3.0,9.6,3,90549.0
518,Townhouse,South B,Unfurnished,10.2,22.0,1,1,4.8,5799.0,15.0,3.0,69.9,2,28719.0
519,Apartment,South B,Semi-Furnished,14.1,128.4,4,2,1.6,20865.0,,3.0,72.5,2,117725.0
520,Townhouse,Westlands,Semi-Furnished,8.9,87.5,2,2,6.6,18298.0,10.9,2.0,96.1,1,81020.0
521,Apartment,Karen,Semi-Furnished,4.7,101.2,3,2,2.0,26564.0,,4.0,43.0,1,81516.0
522,Studio,Ngong Road,Unfurnished,0.8,141.8,4,3,9.7,23780.0,,3.0,48.6,3,97615.0
523,Apartment,Karen,Fully Furnished,3.2,60.5,2,2,6.2,11023.0,,2.0,17.1,3,59235.0
524,Apartment,Karen,Semi-Furnished,3.3,131.0,4,4,11.3,22459.0,,4.0,50.7,1,154475.0
525,Maisonette,Ngong Road,Semi-Furnished,9.6,79.9,3,3,4.4,13854.0,6.4,4.0,78.7,5,120012.0
526,Bungalow,South B,Semi-Furnished,2.1,98.2,2,1,7.0,17026.0,2.0,4.0,47.7,1,41813.0
527,Townhouse,Karen,Unfurnished,5.2,101.4,3,2,6.2,19653.0,28.2,4.0,92.1,2,126583.0
528,Studio,South B,Semi-Furnished,1.8,145.1,4,3,2.4,21176.0,,2.0,61.7,3,89901.0
529,Apartment,Westlands,Unfurnished,9.6,22.0,1,1,1.0,5271.0,,3.0,66.4,1,22360.0
530,Apartment,Kilimani,Semi-Furnished,0.8,64.5,3,3,7.1,9606.0,,4.0,59.9,0,70852.0
531,Studio,Westlands,Fully Furnished,2.0,75.2,2,2,3.7,17320.0,,1.0,77.1,3,67062.0
532,Townhouse,Ngong Road,Semi-Furnished,14.2,60.0,2,1,6.0,11429.0,17.5,4.0,56.0,2,70279.0
533,Townhouse,Kilimani,Unfurnished,0.9,92.4,3,3,7.3,19716.0,17.8,4.0,65.1,3,174001.0
534,Maisonette,South B,Semi-Furnished,10.1,63.6,3,2,9.2,10647.0,19.4,3.0,45.6,4,71559.0
535,Apartment,Karen,Semi-Furnished,3.6,87.0,3,3,8.3,21315.0,,3.0,98.2,1,103724.0
536,Apartment,Westlands,Unfurnished,18.5,48.6,1,1,5.8,7487.0,,3.0,73.1,0,25195.0
537,Bungalow,Westlands,Unfurnished,12.1,39.7,1,2,12.4,5541.0,17.2,5.0,29.3,2,34943.0
538,Bungalow,Ngong Road,Semi-Furnished,5.4,47.4,1,1,4.3,12607.0,15.2,2.0,10.8,1,25005.0
539,Townhouse,Ngong Road,Fully Furnished,5.2,92.3,3,3,15.0,16273.0,11.8,3.0,44.2,1,116213.0
540,Studio,Ruaka,Unfurnished,2.0,85.0,3,3,6.4,12739.0,,5.0,69.6,1,55767.0
541,Apartment,South B,Unfurnished,18.3,114.5,4,3,7.1,22340.0,,4.0,51.3,3,100277.0
542,Apartment,Ngong Road,Fully Furnished,11.4,94.9,3,3,12.7,16074.0,,3.0,52.1,6,127950.0
543,Maisonette,Karen,Unfurnished,8.3,86.4,2,2,2.9,16212.0,12.8,3.0,26.3,1,52187.0
544,Townhouse,Westlands,Semi-Furnished,2.2,94.4,4,3,28.2,22314.0,28.6,5.0,34.5,4,131840.0
545,Maisonette,Westlands,Fully Furnished,6.7,159.7,6,3,9.8,33902.0,17.7,5.0,44.4,2,325210.0
546,Apartment,Kilimani,Fully Furnished,11.3,113.5,3,3,8.7,27822.0,,2.0,79.6,3,189790.0
547,Bungalow,Ruaka,Semi-Furnished,7.6,123.5,4,3,10.7,19183.0,17.7,2.0,69.6,1,135450.0
548,Townhouse,Kilimani,Unfurnished,8.9,86.6,3,3,14.8,13973.0,10.2,4.0,5.9,0,72604.0
549,Studio,Ruaka,Semi-Furnished,4.5,49.6,1,1,3.3,7040.0,,2.0,23.5,1,19384.0
550,Apartment,Ruaka,Semi-Furnished,5.6,159.1,6,5,7.3,29100.0,,3.0,8.6,3,222436.0
551,Apartment,Ngong Road,Fully Furnished,10.0,70.8,3,2,5.9,15458.0,,2.0,46.2,1,54854.0
552,Bungalow,Westlands,Unfurnished,4.3,77.8,3,3,5.5,14208.0,20.9,4.0,60.7,3,95641.0
553,Apartment,South B,Unfurnished,7.7,88.7,2,3,7.0,17685.0,,2.0,50.6,1,49286.0
554,Apartment,Ruaka,Semi-Furnished,7.4,78.9,3,3,12.5,15321.0,,,87.8,3,55330.0
555,Townhouse,Kilimani,Fully Furnished,2.9,69.2,2,2,3.9,13202.0,13.5,4.0,32.6,0,60379.0
556,Apartment,Ruaka,Fully Furnished,2.0,98.0,3,2,5.2,15925.0,,3.0,100.0,3,143775.0
557,Studio,Ruaka,Fully Furnished,2.3,119.4,3,3,9.7,19147.0,,4.0,33.2,2,89703.0
558,Bungalow,Ngong Road,Unfurnished,15.9,92.4,3,2,12.6,11947.0,26.9,,75.5,5,76324.0
559,Apartment,South B,Unfurnished,10.2,150.1,4,2,3.4,28519.0,,4.0,54.5,1,100484.0
560,Maisonette,South B,Semi-Furnished,5.7,81.1,2,2,2.5,14268.0,23.4,5.0,87.7,3,48663.0
561,Apartment,Westlands,Unfurnished,7.0,72.5,1,1,9.2,9502.0,,5.0,18.6,2,43259.0
562,Bungalow,Ngong Road,Unfurnished,2.8,117.1,4,4,8.9,16131.0,27.9,4.0,24.8,3,79299.0
563,Apartment,Kilimani,Unfurnished,22.2,103.2,3,3,10.0,23014.0,,4.0,59.7,5,51722.0
564,Townhouse,Karen,Unfurnished,2.1,109.0,4,3,6.6,18184.0,16.8,2.0,72.4,1,108511.0
565,Studio,Ngong Road,Unfurnished,7.0,165.2,5,4,15.8,25897.0,,3.0,65.3,3,128038.0
566,Apartment,Kilimani,Semi-Furnished,0.7,71.1,2,2,18.1,10368.0,,4.0,42.1,2,49746.0
567,Apartment,Karen,Fully Furnished,8.8,116.9,3,2,7.5,19147.0,,4.0,45.3,5,163616.0
568,Apartment,South B,Unfurnished,8.0,128.6,4,3,11.0,23819.0,,4.0,30.7,1,67245.0
569,Apartment,Kilimani,Unfurnished,5.1,103.8,3,2,0.7,21762.0,,4.0,66.2,1,64988.0
570,Maisonette,Westlands,Semi-Furnished,11.8,71.1,2,2,4.2,14826.0,12.1,5.0,64.4,2,103872.0
571,Apartment,South B,Fully Furnished,5.3,22.0,1,1,8.2,2813.0,,4.0,100.0,2,19786.0
572,Townhouse,Westlands,Unfurnished,1.4,78.2,3,3,13.1,14211.0,0.0,3.0,57.5,1,382990.0
573,Townhouse,South B,Semi-Furnished,8.3,86.2,3,1,6.5,12921.0,22.1,3.0,38.8,2,70967.0
574,Bungalow,Westlands,Unfurnished,6.3,80.8,3,3,5.7,14397.0,21.4,4.0,29.8,1,131577.0
575,Apartment,South B,Semi-Furnished,14.2,157.9,5,4,4.3,32998.0,,3.0,48.0,2,519004.0
576,Apartment,Ruaka,Fully Furnished,8.3,113.5,4,3,4.5,22191.0,,5.0,82.4,5,155250.0
577,Maisonette,Kilimani,Unfurnished,3.5,72.7,2,2,26.0,15169.0,19.0,3.0,47.2,1,65399.0
578,Apartment,Ruaka,Unfurnished,9.8,68.7,3,2,20.6,13334.0,,4.0,51.7,2,37861.0
579,Bungalow,Ruaka,Unfurnished,2.4,96.5,3,3,4.1,17451.0,7.7,5.0,38.6,1,67520.0
580,Bungalow,Karen,Unfurnished,3.5,92.0,3,2,12.8,19010.0,5.2,5.0,63.7,2,96178.0
581,Apartment,Ngong Road,Unfurnished,4.0,78.3,2,2,9.6,10825.0,,2.0,73.2,4,48309.0
582,Apartment,Ruaka,Unfurnished,3.6,107.1,3,3,5.1,15132.0,,5.0,16.2,3,87109.0
583,Bungalow,South B,Unfurnished,15.6,79.8,4,3,15.9,9465.0,12.9,3.0,31.5,1,59762.0
584,Studio,Kilimani,Semi-Furnished,4.2,46.9,1,1,5.0,8276.0,,4.0,89.2,3,37653.0
585,Studio,Karen,Semi-Furnished,8.4,110.1,4,3,5.3,21973.0,,4.0,79.4,2,166221.0
586,Apartment,Westlands,Fully Furnished,3.6,86.2,2,2,4.3,12277.0,,2.0,100.0,4,99629.0
587,Townhouse,South B,Unfurnished,6.9,100.6,3,3,5.3,24524.0,16.1,3.0,34.0,0,85948.0
588,Apartment,Kilimani,Unfurnished,5.1,98.9,3,2,15.0,12142.0,,3.0,35.1,0,80647.0
589,Maisonette,Westlands,Fully Furnished,1.3,51.9,1,1,8.6,10637.0,16.3,3.0,71.7,4,80641.0
590,Apartment,Karen,Unfurnished,8.1,51.7,2,1,9.2,6436.0,,4.0,7.3,2,37837.0
591,Maisonette,Karen,Unfurnished,15.9,60.8,1,1,16.7,8517.0,13.2,3.0,61.5,3,58353.0
592,Apartment,South B,Semi-Furnished,2.6,68.0,3,3,13.2,16946.0,,,48.2,4,66991.0
593,Maisonette,Westlands,Unfurnished,6.3,22.0,0,1,5.9,8089.0,10.8,4.0,63.6,3,37109.0
594,Bungalow,Westlands,Unfurnished,3.6,93.6,3,3,5.2,21934.0,20.6,2.0,70.3,3,130960.0
595,Townhouse,Kilimani,Unfurnished,3.9,64.8,2,1,8.9,8819.0,17.3,3.0,19.8,2,54369.0
596,Maisonette,South B,Fully Furnished,8.4,81.9,2,2,7.7,13479.0,14.7,4.0,25.1,1,71213.0
597,Townhouse,Westlands,Unfurnished,4.4,78.2,2,2,4.5,19845.0,15.6,4.0,65.3,1,60813.0
598,Apartment,Westlands,Semi-Furnished,11.8,37.4,2,2,19.2,3512.0,,,0.0,3,28015.0
599,Maisonette,Westlands,Semi-Furnished,2.2,76.9,3,2,10.5,14522.0,22.9,4.0,47.3,0,82777.0
600,Bungalow,Karen,Fully Furnished,1.8,88.3,3,1,5.2,15914.0,3.7,3.0,48.6,2,383806.0
601,Apartment,South B,Unfurnished,5.9,89.7,3,3,5.7,24471.0,,3.0,61.8,1,50476.0
602,Maisonette,South B,Unfurnished,5.3,76.2,3,2,15.3,13418.0,14.5,,65.6,0,47415.0
603,Studio,Karen,Semi-Furnished,4.7,177.2,4,4,4.5,27744.0,,2.0,54.7,0,187244.0
604,Townhouse,Ngong Road,Fully Furnished,6.7,82.7,3,3,5.9,13274.0,25.8,3.0,50.0,1,122038.0
605,Studio,Ruaka,Unfurnished,4.0,113.9,3,3,11.2,20099.0,,4.0,32.9,2,68357.0
606,Maisonette,Ngong Road,Semi-Furnished,6.9,30.1,0,1,6.4,7862.0,16.6,4.0,57.3,3,20146.0
607,Apartment,South B,Semi-Furnished,7.9,109.4,4,4,1.8,20917.0,,2.0,56.8,5,209458.0
608,Apartment,Kilimani,Semi-Furnished,3.4,85.2,2,2,18.8,14510.0,,4.0,98.3,5,65563.0
609,Bungalow,South B,Fully Furnished,4.3,129.2,4,3,6.3,18100.0,20.9,3.0,44.8,1,156694.0
610,Apartment,Karen,Semi-Furnished,9.1,73.5,2,2,26.1,9909.0,,2.0,23.7,1,49604.0
611,Studio,Ngong Road,Fully Furnished,12.1,42.7,1,1,24.8,6440.0,,3.0,51.2,1,12789.0
612,Townhouse,Ngong Road,Unfurnished,9.3,22.0,0,1,2.4,4097.0,19.5,3.0,28.5,4,23911.0
613,Bungalow,Ruaka,Unfurnished,7.3,89.1,5,4,9.5,14803.0,21.1,4.0,78.9,2,118692.0
614,Townhouse,South B,Semi-Furnished,2.9,122.1,4,3,13.1,30184.0,9.5,3.0,37.6,3,125847.0
615,Townhouse,Ruaka,Semi-Furnished,6.4,80.4,3,3,12.8,18293.0,10.4,2.0,26.8,5,89163.0
616,Apartment,Westlands,Unfurnished,4.6,72.8,3,2,6.8,15485.0,,3.0,98.2,1,112600.0
617,Apartment,Ngong Road,Fully Furnished,0.3,63.6,3,2,6.9,7368.0,,3.0,73.9,1,45604.0
618,Maisonette,Kilimani,Unfurnished,5.7,90.3,4,3,8.9,17821.0,4.0,5.0,74.2,1,162418.0
619,Studio,Kilimani,Semi-Furnished,6.1,73.6,2,2,2.9,13215.0,,3.0,52.7,5,65298.0
620,Maisonette,Ruaka,Fully Furnished,5.9,61.7,2,1,11.5,14373.0,17.9,4.0,30.5,5,51457.0
621,Studio,Karen,Unfurnished,18.4,105.5,3,3,6.3,16013.0,,4.0,83.9,3,99215.0
622,Apartment,Westlands,Unfurnished,5.0,173.1,6,4,18.5,24379.0,,,99.3,3,323939.0
623,Apartment,Ngong Road,Semi-Furnished,3.4,70.4,1,1,7.9,10950.0,,4.0,41.6,1,33474.0
624,Bungalow,South B,Semi-Furnished,5.7,92.0,3,2,11.1,18488.0,8.4,3.0,61.1,3,54605.0
625,Townhouse,Ngong Road,Unfurnished,14.4,128.1,3,2,3.8,26042.0,23.7,5.0,0.0,1,69314.0
626,Apartment,Ngong Road,Unfurnished,7.6,69.3,2,2,19.7,12874.0,,,56.5,4,30695.0
627,Studio,South B,Fully Furnished,5.0,146.0,4,3,2.0,33275.0,,5.0,38.8,0,128652.0
628,Bungalow,Westlands,Unfurnished,10.0,22.0,1,1,6.2,3241.0,16.9,4.0,63.6,1,28175.0
629,Townhouse,Ruaka,Semi-Furnished,5.2,60.7,2,2,1.9,11890.0,7.0,3.0,19.2,0,223190.0
630,Apartment,South B,Semi-Furnished,2.9,102.7,4,4,5.2,15784.0,,2.0,40.5,2,85403.0
631,Studio,South B,Fully Furnished,6.6,71.2,2,2,29.4,13391.0,,3.0,81.4,8,34755.0
632,Maisonette,Karen,Unfurnished,1.8,22.0,1,1,1.6,3551.0,16.7,4.0,45.0,5,32414.0
633,Apartment,Kilimani,Unfurnished,5.8,130.8,4,4,9.3,32413.0,,4.0,60.4,2,115479.0
634,Bungalow,Kilimani,Fully Furnished,7.4,143.5,5,5,16.0,23639.0,11.4,4.0,76.4,1,266592.0
635,Apartment,Karen,Unfurnished,5.9,144.1,5,4,3.0,26922.0,,5.0,70.9,0,220473.0
636,Studio,Ngong Road,Unfurnished,6.7,76.4,2,2,18.0,8821.0,,5.0,44.3,1,27818.0
637,Bungalow,Ngong Road,Unfurnished,4.2,25.3,1,2,10.7,3829.0,21.1,3.0,90.7,2,16621.0
638,Apartment,Ruaka,Unfurnished,3.1,105.7,5,4,5.9,25287.0,,4.0,90.1,2,136949.0
639,Studio,Ruaka,Fully Furnished,18.2,91.6,2,3,6.6,17165.0,,3.0,74.3,2,44330.0
640,Studio,Ngong Road,Semi-Furnished,1.3,22.0,0,1,6.9,3248.0,,3.0,60.4,1,13313.0
641,Apartment,Ruaka,Unfurnished,3.6,59.0,2,2,11.1,10385.0,,4.0,52.9,1,25693.0
642,Apartment,Ruaka,Unfurnished,5.1,62.5,1,1,5.5,9562.0,,2.0,73.8,2,61916.0
643,Maisonette,Kilimani,Unfurnished,1.0,76.6,2,1,3.4,11010.0,14.9,3.0,53.0,4,53921.0
644,Studio,Ruaka,Semi-Furnished,10.2,115.1,4,3,2.9,17476.0,,4.0,26.7,1,68617.0
645,Studio,Ngong Road,Unfurnished,14.7,55.1,1,1,4.5,8480.0,,4.0,82.8,2,22957.0
646,Apartment,Ruaka,Semi-Furnished,10.0,111.6,5,3,3.0,15977.0,,3.0,35.8,2,99470.0
647,Apartment,Westlands,Unfurnished,12.9,97.3,3,2,5.8,19990.0,,5.0,74.7,1,78746.0
648,Bungalow,Kilimani,Unfurnished,28.5,94.8,2,2,7.7,21737.0,17.0,2.0,75.3,3,53945.0
649,Bungalow,Ngong Road,Unfurnished,4.0,112.1,4,4,5.7,25662.0,28.6,4.0,20.8,3,82895.0
650,Apartment,Westlands,Semi-Furnished,6.9,101.4,3,3,7.5,17678.0,,4.0,64.1,2,129660.0
651,Bungalow,Ngong Road,Semi-Furnished,5.8,122.7,4,4,2.3,20814.0,6.2,5.0,66.3,3,224212.0
652,Apartment,Kilimani,Unfurnished,11.5,77.0,3,2,14.4,13979.0,,3.0,98.7,2,80346.0
653,Studio,Westlands,Semi-Furnished,8.8,40.4,1,1,10.0,11286.0,,4.0,39.4,2,23523.0
654,Apartment,Ngong Road,Unfurnished,8.4,143.2,4,3,8.6,24804.0,,3.0,76.2,2,165427.0
655,Apartment,Ruaka,Semi-Furnished,4.4,107.4,4,4,5.5,23139.0,,4.0,40.2,3,72183.0
656,Apartment,Kilimani,Semi-Furnished,12.1,105.9,3,3,4.3,12024.0,,1.0,53.7,2,80919.0
657,Townhouse,Kilimani,Semi-Furnished,10.0,121.3,4,4,9.3,21576.0,11.4,3.0,45.7,3,210075.0
658,Studio,South B,Fully Furnished,1.1,31.9,1,2,10.9,4434.0,,,100.0,7,29149.0
659,Apartment,Ngong Road,Unfurnished,4.9,164.0,6,4,0.5,30751.0,,4.0,77.0,4,309526.0
660,Bungalow,Ruaka,Unfurnished,6.9,103.2,3,3,3.1,12990.0,17.8,4.0,32.4,2,86859.0
661,Maisonette,Kilimani,Fully Furnished,11.8,56.1,3,3,1.5,10851.0,15.3,3.0,64.9,1,70767.0
662,Apartment,Kilimani,Unfurnished,3.5,69.9,2,1,5.1,8543.0,,3.0,95.6,2,68699.0
663,Studio,Ngong Road,Fully Furnished,5.2,98.4,5,3,4.8,18583.0,,3.0,68.0,1,107080.0
664,Townhouse,South B,Unfurnished,7.1,101.4,3,4,19.3,23153.0,14.1,3.0,6.2,3,67519.0
665,Townhouse,Ngong Road,Unfurnished,4.9,74.4,3,2,8.0,15272.0,16.2,4.0,58.7,2,95788.0
666,Maisonette,South B,Unfurnished,16.1,88.7,3,3,22.7,19523.0,13.6,4.0,54.4,1,39053.0
667,Studio,Westlands,Semi-Furnished,9.0,97.3,3,3,5.1,18722.0,,3.0,39.1,0,61485.0
668,Apartment,Kilimani,Semi-Furnished,4.7,27.8,0,1,1.9,5619.0,,5.0,41.8,2,27890.0
669,Apartment,South B,Semi-Furnished,3.7,51.3,0,1,18.9,13782.0,,3.0,100.0,1,22617.0
670,Maisonette,Ruaka,Unfurnished,5.9,58.3,1,2,1.5,11718.0,24.7,4.0,55.5,3,45583.0
671,Apartment,Kilimani,Semi-Furnished,10.5,87.6,3,3,4.7,15549.0,,5.0,49.3,3,67188.0
672,Maisonette,South B,Semi-Furnished,5.7,82.7,2,1,4.7,14835.0,18.5,3.0,43.7,1,59936.0
673,Maisonette,Ruaka,Unfurnished,6.0,138.1,4,3,15.9,23420.0,15.2,5.0,30.6,2,186773.0
674,Studio,South B,Unfurnished,3.4,82.6,2,1,16.8,15118.0,,4.0,48.0,3,34153.0
675,Bungalow,Kilimani,Semi-Furnished,6.3,40.2,1,1,2.0,7934.0,5.6,5.0,16.5,2,43224.0
676,Bungalow,Ruaka,Fully Furnished,5.3,85.9,3,2,5.7,16290.0,13.5,4.0,78.0,3,83709.0
677,Apartment,Karen,Unfurnished,10.7,22.0,0,1,8.2,4116.0,,4.0,56.5,2,18882.0
678,Apartment,Karen,Semi-Furnished,3.3,76.9,2,2,3.8,11380.0,,3.0,70.2,3,84727.0
679,Apartment,Ruaka,Semi-Furnished,4.6,38.2,0,1,1.8,4027.0,,5.0,69.5,4,23324.0
680,Bungalow,Ruaka,Unfurnished,1.2,125.6,3,3,7.1,22258.0,11.1,3.0,74.6,3,108025.0
681,Maisonette,South B,Unfurnished,9.7,154.4,5,4,12.9,21418.0,16.2,,82.1,4,224449.0
682,Maisonette,South B,Semi-Furnished,1.1,63.2,2,2,5.8,13749.0,14.5,2.0,99.5,3,66658.0
683,Bungalow,Kilimani,Semi-Furnished,9.6,41.3,1,1,12.2,9101.0,1.7,3.0,66.3,2,45381.0
684,Apartment,Ngong Road,Unfurnished,7.6,120.6,3,3,2.3,20213.0,,5.0,55.0,3,94949.0
685,Apartment,Ngong Road,Fully Furnished,11.4,95.3,2,2,13.8,20726.0,,4.0,39.9,3,51237.0
686,Studio,Kilimani,Semi-Furnished,5.6,78.8,2,2,5.3,8238.0,,4.0,24.6,4,32601.0
687,Bungalow,South B,Unfurnished,5.2,73.2,3,3,5.5,12837.0,16.5,5.0,76.3,3,129086.0
688,Maisonette,Karen,Unfurnished,15.7,75.6,3,2,0.9,14145.0,28.0,4.0,72.9,3,172425.0
689,Studio,Ngong Road,Unfurnished,3.5,66.7,2,2,5.6,12745.0,,5.0,34.6,1,28595.0
690,Maisonette,Ruaka,Semi-Furnished,18.2,111.8,4,3,1.7,19322.0,18.8,4.0,56.3,5,92750.0
691,Studio,Ruaka,Semi-Furnished,4.2,122.1,4,4,6.7,17066.0,,5.0,55.7,2,169432.0
692,Apartment,South B,Fully Furnished,2.6,89.6,3,3,1.9,19894.0,,3.0,27.5,6,106764.0
693,Apartment,Kilimani,Fully Furnished,2.7,117.2,4,3,9.0,22660.0,,5.0,39.2,1,100458.0
694,Apartment,Westlands,Semi-Furnished,6.2,94.7,4,4,4.8,15065.0,,3.0,82.4,1,151030.0
695,Studio,Kilimani,Unfurnished,24.5,93.3,2,1,7.2,19854.0,,4.0,77.4,0,34534.0
696,Maisonette,Kilimani,Semi-Furnished,5.6,63.0,3,3,8.6,7849.0,15.7,4.0,34.7,1,117417.0
697,Maisonette,Kilimani,Unfurnished,5.3,108.6,3,2,12.6,20877.0,15.9,5.0,13.8,5,106149.0
698,Studio,Ngong Road,Semi-Furnished,1.8,100.8,2,2,7.5,21558.0,,3.0,79.8,1,30660.0
699,Apartment,Ruaka,Unfurnished,26.0,132.7,5,3,3.4,27111.0,,4.0,19.9,3,120281.0
700,Studio,Ruaka,Semi-Furnished,16.2,131.6,4,4,18.5,16201.0,,3.0,35.3,1,75378.0
701,Apartment,South B,Fully Furnished,6.8,67.2,2,1,6.0,13056.0,,5.0,82.9,2,51693.0
702,Apartment,Kilimani,Unfurnished,8.9,80.8,2,1,9.3,10592.0,,3.0,81.5,6,82706.0
703,Maisonette,South B,Fully Furnished,12.8,108.8,3,3,1.4,14403.0,25.7,3.0,57.7,2,71353.0
704,Apartment,Ngong Road,Unfurnished,5.1,63.0,2,1,5.0,15606.0,,,51.1,3,41058.0
705,Maisonette,Karen,Unfurnished,1.2,113.4,4,3,10.9,21178.0,17.4,3.0,57.3,1,158233.0
706,Bungalow,South B,Unfurnished,1.3,72.3,2,3,7.0,10448.0,17.4,,56.7,3,45686.0
707,Apartment,Westlands,Unfurnished,12.5,102.7,4,3,19.2,14444.0,,3.0,73.9,3,90313.0
708,Maisonette,Westlands,Fully Furnished,1.0,135.6,5,4,4.4,20820.0,13.3,3.0,83.3,1,553095.0
709,Apartment,Westlands,Semi-Furnished,10.2,84.8,3,2,8.4,13899.0,,4.0,71.8,3,75921.0
710,Maisonette,Westlands,Unfurnished,26.1,63.9,2,2,6.6,11406.0,20.5,2.0,32.2,6,52318.0
711,Bungalow,South B,Fully Furnished,1.7,112.2,4,3,5.0,20549.0,9.3,4.0,63.7,4,147119.0
712,Apartment,Ngong Road,Unfurnished,11.7,106.0,3,3,9.2,21979.0,,4.0,64.3,1,82935.0
713,Studio,South B,Unfurnished,1.7,119.6,4,4,13.9,19411.0,,3.0,79.1,2,62807.0
714,Apartment,Westlands,Unfurnished,8.0,73.7,1,2,8.7,15769.0,,4.0,1.1,2,46390.0
715,Studio,Ngong Road,Unfurnished,6.2,87.3,3,2,15.6,21368.0,,3.0,61.1,3,45505.0
716,Apartment,Westlands,Unfurnished,11.8,68.7,3,3,3.7,13878.0,,3.0,89.8,2,73210.0
717,Apartment,Ngong Road,Unfurnished,8.9,151.1,6,4,2.7,29297.0,,4.0,60.1,4,230363.0
718,Studio,Ngong Road,Unfurnished,4.6,68.0,3,3,13.8,8649.0,,4.0,83.5,2,52294.0
719,Maisonette,South B,Unfurnished,5.0,132.8,4,4,18.4,29500.0,5.4,,68.6,1,141882.0
720,Apartment,Ngong Road,Unfurnished,6.0,64.5,3,3,10.4,5190.0,,3.0,53.0,3,33976.0
721,Bungalow,Kilimani,Unfurnished,10.1,84.1,2,1,5.4,16516.0,18.1,3.0,89.5,3,134644.0
722,Maisonette,Ngong Road,Unfurnished,5.6,69.1,1,2,8.5,12915.0,17.2,2.0,90.1,2,51485.0
723,Maisonette,Ruaka,Unfurnished,18.4,131.7,4,3,3.4,28687.0,19.8,4.0,75.6,3,200503.0
724,Studio,Ngong Road,Fully Furnished,10.8,92.3,3,1,6.7,17617.0,,3.0,75.0,3,57023.0
725,Townhouse,Kilimani,Unfurnished,5.8,90.2,3,3,6.4,19764.0,12.8,4.0,37.2,2,129211.0
726,Townhouse,Ngong Road,Unfurnished,8.6,99.2,3,2,7.9,21999.0,7.8,4.0,39.9,1,93036.0
727,Maisonette,Ngong Road,Unfurnished,1.7,41.7,1,1,4.1,2945.0,7.8,2.0,25.3,2,27975.0
728,Apartment,Westlands,Fully Furnished,11.3,72.0,3,3,15.3,9867.0,,4.0,37.5,2,72955.0
729,Apartment,Westlands,Unfurnished,6.4,97.1,3,3,8.7,18331.0,,2.0,65.5,0,97166.0
730,Apartment,South B,Unfurnished,12.1,38.5,2,2,11.3,3941.0,,4.0,31.7,0,24266.0
731,Townhouse,South B,Semi-Furnished,6.2,138.6,4,3,5.2,16404.0,8.5,2.0,48.4,4,173066.0
732,Apartment,Kilimani,Unfurnished,2.3,92.1,3,3,8.0,12709.0,,3.0,63.9,2,84786.0
733,Studio,South B,Unfurnished,1.1,147.4,5,4,4.3,30973.0,,5.0,54.6,5,142075.0
734,Maisonette,Karen,Semi-Furnished,17.0,105.3,4,3,8.0,20245.0,3.0,4.0,81.3,2,140170.0
735,Apartment,Westlands,Semi-Furnished,3.7,109.6,5,4,5.3,9306.0,,5.0,78.7,4,344683.0
736,Apartment,Westlands,Fully Furnished,2.4,140.5,5,4,4.9,21129.0,,,82.1,0,241017.0
737,Apartment,South B,Fully Furnished,3.7,92.1,3,2,6.8,19690.0,,4.0,21.7,1,88115.0
738,Maisonette,Kilimani,Fully Furnished,7.4,51.8,2,2,7.3,3756.0,23.7,2.0,100.0,1,66775.0
739,Bungalow,Ruaka,Unfurnished,3.1,83.3,2,2,19.0,15726.0,16.6,4.0,48.1,1,41201.0
740,Apartment,Karen,Semi-Furnished,9.3,87.3,3,3,8.5,19602.0,,4.0,90.6,2,127975.0
741,Apartment,Karen,Unfurnished,6.3,46.2,2,2,4.8,10730.0,,4.0,62.1,2,34153.0
742,Bungalow,Kilimani,Fully Furnished,1.8,66.7,2,1,1.4,12491.0,19.6,,56.2,2,97363.0
743,Studio,Kilimani,Semi-Furnished,1.6,88.1,2,2,2.1,17451.0,,2.0,34.8,0,49374.0
744,Maisonette,Kilimani,Fully Furnished,5.9,119.2,5,4,13.9,23848.0,19.5,3.0,20.5,1,150873.0
745,Apartment,Ngong Road,Semi-Furnished,2.0,91.4,3,3,1.7,24668.0,,4.0,30.2,1,73554.0
746,Studio,South B,Unfurnished,6.0,98.1,3,2,7.6,17817.0,,3.0,40.4,3,34463.0
747,Maisonette,Westlands,Semi-Furnished,6.4,196.3,6,4,22.5,41004.0,5.8,4.0,64.3,2,397437.0
748,Townhouse,Westlands,Semi-Furnished,14.8,88.1,3,2,3.2,18940.0,22.9,2.0,27.2,2,136205.0
749,Maisonette,Ruaka,Unfurnished,19.3,111.0,4,3,2.2,20494.0,22.3,3.0,61.8,5,164561.0
750,Maisonette,Ngong Road,Unfurnished,1.9,130.6,4,3,2.8,23799.0,20.1,3.0,85.6,2,180400.0
751,Apartment,Karen,Unfurnished,4.6,93.5,2,3,7.4,17782.0,,2.0,100.0,4,125881.0
752,Studio,Kilimani,Unfurnished,2.7,144.6,4,3,13.5,28004.0,,3.0,47.3,2,94409.0
753,Townhouse,Ngong Road,Unfurnished,5.4,22.0,0,1,1.7,4797.0,19.3,3.0,40.4,3,22360.0
754,Bungalow,Westlands,Semi-Furnished,14.3,89.5,3,3,3.4,16680.0,3.0,4.0,91.2,3,78673.0
755,Apartment,South B,Unfurnished,5.5,85.3,2,2,22.7,16592.0,,4.0,100.0,2,29917.0
756,Apartment,Ngong Road,Unfurnished,14.2,90.7,3,3,1.8,15757.0,,4.0,78.0,4,82975.0
757,Apartment,South B,Semi-Furnished,4.0,105.1,4,4,3.5,15752.0,,5.0,72.1,0,117867.0
758,Maisonette,South B,Unfurnished,14.4,22.0,1,1,12.0,2682.0,15.9,,75.3,3,18493.0
759,Apartment,Ruaka,Unfurnished,8.9,101.5,4,3,2.4,24422.0,,2.0,55.4,3,120302.0
760,Studio,Ruaka,Semi-Furnished,4.2,95.2,3,2,7.9,18400.0,,2.0,39.2,4,44626.0
761,Studio,Ruaka,Unfurnished,2.1,30.7,1,2,2.8,3432.0,,4.0,57.4,4,21531.0
762,Studio,Kilimani,Unfurnished,7.3,125.9,4,3,11.2,23435.0,,3.0,50.8,4,114067.0
763,Maisonette,Kilimani,Unfurnished,8.0,122.7,4,3,8.5,22692.0,16.1,4.0,57.7,2,133793.0
764,Apartment,South B,Fully Furnished,5.1,22.0,1,1,15.3,4875.0,,4.0,79.3,2,30554.0
765,Apartment,Kilimani,Unfurnished,5.8,48.4,1,1,2.7,10578.0,,4.0,66.6,2,38179.0
766,Apartment,Karen,Semi-Furnished,11.8,50.4,1,1,2.6,9828.0,,4.0,48.8,3,30803.0
767,Studio,Ngong Road,Fully Furnished,2.9,122.2,4,4,14.3,29331.0,,4.0,80.8,2,83206.0
768,Townhouse,Ngong Road,Semi-Furnished,14.1,122.3,3,3,4.6,19677.0,8.5,3.0,76.8,2,118115.0
769,Maisonette,Ngong Road,Unfurnished,7.6,73.8,2,2,11.4,8386.0,18.6,4.0,57.1,2,37761.0
770,Studio,Ruaka,Semi-Furnished,14.0,102.6,4,4,11.8,19915.0,,3.0,39.7,1,60840.0
771,Apartment,Westlands,Unfurnished,6.3,84.5,3,2,22.4,15920.0,,5.0,8.7,3,46664.0
772,Maisonette,Ruaka,Unfurnished,8.3,144.6,5,3,10.6,22488.0,8.1,2.0,67.7,4,318428.0
773,Bungalow,Ruaka,Semi-Furnished,2.3,51.5,1,1,4.0,8753.0,25.6,4.0,78.2,2,36952.0
774,Maisonette,Karen,Unfurnished,0.7,59.1,2,2,3.2,8026.0,5.9,,18.1,1,54472.0
775,Townhouse,Kilimani,Unfurnished,0.7,74.4,2,3,11.4,11232.0,2.6,3.0,69.9,4,100969.0
776,Apartment,Kilimani,Fully Furnished,9.4,75.4,4,3,1.2,13902.0,,,76.6,2,146819.0
777,Maisonette,Kilimani,Unfurnished,6.6,96.8,2,1,5.4,16695.0,18.7,,35.7,0,79510.0
778,Townhouse,South B,Semi-Furnished,17.4,149.2,4,4,3.8,29577.0,9.3,,53.7,4,185120.0
779,Studio,South B,Unfurnished,4.5,84.0,3,3,10.1,10002.0,,3.0,99.4,0,33058.0
780,Apartment,Kilimani,Unfurnished,3.7,125.0,4,4,20.9,22330.0,,4.0,56.1,4,118360.0
781,Apartment,Karen,Unfurnished,3.9,63.7,2,2,10.6,7598.0,,5.0,80.3,6,99722.0
782,Townhouse,Westlands,Semi-Furnished,13.7,104.3,3,3,12.4,19668.0,13.0,5.0,35.1,2,144260.0
783,Apartment,South B,Unfurnished,1.2,114.0,4,3,15.6,17065.0,,5.0,55.4,1,82174.0
784,Maisonette,Westlands,Unfurnished,7.1,121.9,4,4,1.9,26258.0,23.6,3.0,46.3,3,186849.0
785,Maisonette,Ngong Road,Unfurnished,4.6,92.7,3,2,11.8,21800.0,22.5,1.0,55.2,3,86685.0
786,Studio,Westlands,Unfurnished,5.6,42.1,1,1,6.7,10843.0,,2.0,62.6,2,20246.0
787,Apartment,Kilimani,Unfurnished,1.7,55.3,1,1,6.9,11743.0,,4.0,67.5,2,52195.0
788,Apartment,Ngong Road,Semi-Furnished,3.7,22.0,0,1,4.1,5821.0,,3.0,27.2,4,23816.0
789,Apartment,Karen,Fully Furnished,5.0,132.3,4,4,9.5,26994.0,,4.0,34.4,2,228877.0
790,Bungalow,South B,Unfurnished,13.4,69.8,1,2,8.8,11359.0,6.6,3.0,75.2,5,33115.0
791,Maisonette,South B,Unfurnished,18.9,115.7,3,3,0.8,18363.0,23.3,3.0,65.4,1,82113.0
792,Studio,South B,Unfurnished,6.1,80.2,2,2,20.8,8256.0,,4.0,15.1,2,17622.0
793,Apartment,South B,Semi-Furnished,3.3,50.8,1,1,11.2,7922.0,,4.0,34.5,3,30843.0
794,Maisonette,Ngong Road,Unfurnished,1.4,86.7,3,2,10.8,15011.0,21.3,2.0,59.3,2,74592.0
795,Studio,Kilimani,Semi-Furnished,6.1,39.6,2,2,12.6,3788.0,,4.0,69.3,2,31432.0
796,Studio,Karen,Semi-Furnished,10.5,98.5,2,1,5.0,20460.0,,5.0,79.3,3,53269.0
797,Maisonette,Kilimani,Unfurnished,7.9,65.1,2,1,15.2,9862.0,7.5,4.0,35.1,3,39994.0
798,Apartment,Kilimani,Unfurnished,2.5,127.4,3,2,9.7,17720.0,,,59.9,5,79492.0
799,Apartment,Kilimani,Fully Furnished,9.1,108.5,3,2,3.5,19638.0,,5.0,86.2,3,124840.0
800,Apartment,Kilimani,Semi-Furnished,3.0,91.7,4,3,11.2,16874.0,,5.0,56.6,1,117135.0
801,Apartment,Westlands,Fully Furnished,2.8,79.9,2,2,2.1,15974.0,,2.0,8.6,0,47073.0
802,Studio,Ngong Road,Semi-Furnished,1.7,103.3,3,3,7.2,14870.0,,3.0,54.4,4,87360.0
803,Apartment,South B,Semi-Furnished,15.5,62.3,2,2,11.1,11216.0,,4.0,91.7,1,32101.0
804,Apartment,Karen,Unfurnished,6.7,130.1,4,3,13.6,13914.0,,3.0,61.5,2,135871.0
805,Apartment,Ngong Road,Unfurnished,1.8,44.4,1,2,4.0,9795.0,,,71.9,2,45869.0
806,Apartment,Ngong Road,Unfurnished,3.8,81.0,3,3,9.5,15444.0,,3.0,56.8,2,63079.0
807,Studio,Westlands,Fully Furnished,2.5,56.2,1,1,25.9,9419.0,,3.0,77.1,2,31542.0
808,Apartment,Karen,Unfurnished,1.7,115.4,4,3,12.1,16633.0,,4.0,45.0,2,104802.0
809,Studio,Ruaka,Unfurnished,4.8,78.0,3,2,6.7,12901.0,,4.0,9.6,0,25320.0
810,Bungalow,South B,Unfurnished,8.5,94.5,2,2,11.4,19208.0,12.8,,53.8,6,63431.0
811,Apartment,Westlands,Unfurnished,2.1,43.9,2,3,9.8,13118.0,,4.0,20.2,1,40179.0
812,Studio,Kilimani,Fully Furnished,0.2,123.9,5,4,9.4,27130.0,,,84.7,1,98026.0
813,Apartment,Westlands,Fully Furnished,14.3,99.2,4,3,14.8,18042.0,,4.0,10.7,1,102903.0
814,Apartment,Ngong Road,Fully Furnished,4.4,102.5,3,4,12.7,15037.0,,2.0,69.3,2,74335.0
815,Apartment,Westlands,Fully Furnished,0.9,122.8,3,2,17.0,15534.0,,4.0,64.8,2,128732.0
816,Bungalow,Kilimani,Fully Furnished,10.1,36.0,2,2,3.5,8341.0,22.0,3.0,100.0,2,63077.0
817,Maisonette,Ruaka,Fully Furnished,0.8,217.9,6,5,4.5,49032.0,17.1,3.0,48.0,2,788019.0
818,Apartment,Westlands,Unfurnished,3.7,162.0,5,4,2.6,33291.0,,4.0,43.7,2,366115.0
819,Bungalow,South B,Semi-Furnished,9.9,85.3,2,2,6.2,9968.0,16.6,4.0,54.1,1,48988.0
820,Apartment,Ruaka,Unfurnished,0.7,65.8,2,2,3.0,10909.0,,4.0,40.7,3,47776.0
821,Maisonette,Kilimani,Unfurnished,5.8,65.6,1,1,4.7,12021.0,28.6,5.0,7.8,3,53606.0
822,Apartment,Kilimani,Semi-Furnished,2.2,71.4,3,3,14.9,11831.0,,4.0,68.1,2,82757.0
823,Bungalow,Kilimani,Semi-Furnished,5.1,104.1,3,3,9.0,18279.0,23.4,4.0,90.4,0,136473.0
824,Apartment,Kilimani,Unfurnished,10.4,113.1,3,3,11.0,15244.0,,4.0,51.6,2,94174.0
825,Apartment,Westlands,Unfurnished,5.6,95.5,4,4,16.4,16812.0,,3.0,46.3,2,90362.0
826,Apartment,Kilimani,Unfurnished,4.0,75.5,2,2,15.1,17880.0,,5.0,47.0,1,34743.0
827,Apartment,Ruaka,Fully Furnished,4.7,49.3,2,2,10.1,8196.0,,4.0,65.0,3,63117.0
828,Studio,Kilimani,Unfurnished,7.8,70.1,1,1,12.1,14742.0,,5.0,18.5,2,21353.0
829,Townhouse,Westlands,Unfurnished,5.5,55.3,2,3,5.8,9552.0,24.5,3.0,51.3,2,69944.0
830,Townhouse,Karen,Unfurnished,6.1,61.5,3,3,7.1,11574.0,2.7,2.0,38.7,1,81598.0
831,Apartment,Westlands,Unfurnished,1.3,88.7,2,2,7.5,15791.0,,2.0,57.4,0,57253.0
832,Apartment,South B,Semi-Furnished,2.1,69.2,2,1,8.2,13101.0,,,94.2,3,24603.0
833,Apartment,Kilimani,Unfurnished,6.5,44.3,1,1,2.2,9203.0,,5.0,51.2,2,31550.0
834,Townhouse,Ngong Road,Fully Furnished,1.4,44.6,2,2,6.3,9358.0,13.3,2.0,86.1,0,51736.0
835,Maisonette,Ngong Road,Unfurnished,7.7,87.4,4,3,5.7,17467.0,24.9,4.0,54.9,1,81542.0
836,Apartment,Karen,Fully Furnished,0.6,65.2,2,2,9.5,9966.0,,4.0,12.2,4,62239.0
837,Townhouse,Westlands,Semi-Furnished,5.4,45.7,1,2,6.8,6624.0,18.8,3.0,19.3,3,30275.0
838,Townhouse,Kilimani,Semi-Furnished,5.3,135.9,5,4,24.0,26757.0,2.1,3.0,44.2,2,179926.0
839,Studio,Karen,Unfurnished,10.8,91.1,3,3,7.8,15256.0,,3.0,47.7,1,86798.0
840,Townhouse,Kilimani,Fully Furnished,5.2,57.6,2,3,11.9,11563.0,16.4,3.0,80.7,2,79648.0
841,Maisonette,Ruaka,Unfurnished,7.9,96.9,3,2,1.0,15190.0,7.8,4.0,74.9,4,115309.0
842,Maisonette,Westlands,Semi-Furnished,4.0,131.1,4,2,10.1,21002.0,18.4,4.0,30.2,1,123930.0
843,Maisonette,South B,Unfurnished,5.8,80.6,2,3,0.8,12036.0,15.9,3.0,51.9,2,71838.0
844,Townhouse,Westlands,Unfurnished,6.7,98.6,4,4,2.8,20645.0,20.9,4.0,38.4,2,189999.0
845,Maisonette,South B,Unfurnished,14.9,47.4,2,2,20.6,9439.0,30.2,5.0,69.3,4,29621.0
846,Bungalow,South B,Semi-Furnished,3.7,126.0,4,3,6.2,18217.0,11.3,3.0,46.8,1,158490.0
847,Studio,Kilimani,Fully Furnished,7.6,38.3,1,1,13.6,5570.0,,3.0,73.1,2,24026.0
848,Townhouse,Kilimani,Fully Furnished,3.5,79.7,3,3,13.1,15106.0,18.9,5.0,54.5,2,96549.0
849,Apartment,Kilimani,Unfurnished,4.6,22.0,0,1,4.9,2880.0,,4.0,49.2,4,16386.0
850,Maisonette,Ruaka,Unfurnished,4.6,96.7,2,2,14.3,14705.0,16.4,3.0,65.3,2,51915.0
851,Apartment,Ngong Road,Unfurnished,7.8,99.6,3,2,7.2,21977.0,,5.0,12.0,0,48268.0
852,Apartment,South B,Unfurnished,14.3,55.6,3,3,2.2,9320.0,,3.0,45.5,1,41154.0
853,Apartment,Kilimani,Unfurnished,8.9,46.0,1,2,7.7,9543.0,,,72.0,3,38368.0
854,Townhouse,Ruaka,Semi-Furnished,4.6,133.9,4,3,11.2,24739.0,15.7,4.0,79.0,5,126726.0
855,Maisonette,Westlands,Unfurnished,15.1,72.7,2,1,4.5,13786.0,26.8,4.0,46.2,2,55458.0
856,Apartment,Ruaka,Unfurnished,17.1,110.4,3,2,16.1,21908.0,,,38.2,0,59214.0
857,Apartment,Ngong Road,Unfurnished,3.3,64.6,2,1,10.7,9545.0,,3.0,82.4,3,28268.0
858,Maisonette,Ngong Road,Semi-Furnished,4.1,122.8,4,4,16.3,16365.0,16.1,,57.7,2,165901.0
859,Apartment,South B,Unfurnished,4.4,134.3,5,3,1.9,18385.0,,3.0,24.9,1,222300.0
860,Townhouse,Ruaka,Semi-Furnished,20.3,123.2,3,2,23.0,22976.0,11.0,5.0,24.1,2,77450.0
861,Apartment,Karen,Semi-Furnished,3.1,80.4,2,3,8.3,16146.0,,4.0,42.4,3,82124.0
862,Bungalow,Ngong Road,Semi-Furnished,4.5,106.2,4,3,2.8,15057.0,20.5,5.0,70.8,1,163838.0
863,Apartment,Westlands,Fully Furnished,1.6,60.4,1,1,9.0,11830.0,,4.0,49.3,3,62668.0
864,Bungalow,Westlands,Fully Furnished,6.9,130.3,4,3,9.2,20927.0,15.5,3.0,69.0,3,196157.0
865,Townhouse,South B,Semi-Furnished,6.8,129.7,4,3,8.6,18176.0,10.0,4.0,68.4,4,157041.0
866,Maisonette,Kilimani,Fully Furnished,1.8,118.1,3,3,8.8,18074.0,11.2,4.0,0.0,1,203844.0
867,Bungalow,Westlands,Unfurnished,1.9,53.3,1,1,17.8,9417.0,7.3,3.0,71.2,0,20564.0
868,Studio,Kilimani,Unfurnished,1.7,112.5,3,3,3.0,18252.0,,5.0,77.6,1,130858.0
869,Studio,Kilimani,Semi-Furnished,7.2,70.4,3,3,9.2,10204.0,,4.0,45.0,3,36268.0
870,Maisonette,South B,Semi-Furnished,8.6,57.4,1,1,8.6,12955.0,14.3,4.0,74.0,0,33636.0
871,Maisonette,South B,Unfurnished,10.9,119.8,4,3,22.9,28389.0,24.3,2.0,27.4,3,78160.0
872,Bungalow,Ngong Road,Unfurnished,4.0,106.3,3,2,14.4,22587.0,22.9,4.0,62.7,1,108538.0
873,Studio,Ngong Road,Unfurnished,8.3,78.3,3,2,0.6,13967.0,,3.0,42.2,3,57063.0
874,Maisonette,Kilimani,Unfurnished,8.4,44.2,2,2,4.7,7543.0,16.9,4.0,47.1,2,43610.0
875,Apartment,Ruaka,Unfurnished,5.5,168.8,5,4,9.9,39987.0,,5.0,44.0,1,279771.0
876,Apartment,South B,Fully Furnished,13.9,130.3,5,5,2.2,23864.0,,4.0,59.3,2,229728.0
877,Apartment,Karen,Semi-Furnished,11.0,99.4,3,2,13.9,22406.0,,4.0,53.3,1,86146.0
878,Apartment,South B,Fully Furnished,0.5,81.5,2,2,10.7,10619.0,,4.0,71.3,2,50254.0
879,Townhouse,Ngong Road,Unfurnished,13.4,81.6,3,2,16.4,10789.0,8.3,4.0,30.8,2,60739.0
880,Bungalow,Kilimani,Semi-Furnished,0.7,95.7,4,3,2.6,16844.0,7.4,3.0,46.8,2,141909.0
881,Apartment,Kilimani,Unfurnished,9.7,73.0,2,1,9.3,12516.0,,3.0,66.8,5,73771.0
882,Townhouse,Westlands,Fully Furnished,6.2,88.2,3,2,10.0,14492.0,17.5,3.0,70.9,2,133625.0
883,Apartment,Kilimani,Unfurnished,9.7,47.4,1,1,7.9,8752.0,,4.0,62.0,4,30346.0
884,Apartment,Kilimani,Fully Furnished,4.9,150.0,5,4,8.8,24342.0,,4.0,58.3,4,409646.0
885,Studio,Kilimani,Semi-Furnished,9.6,105.0,4,2,6.8,18296.0,,5.0,39.0,1,61982.0
886,Apartment,Ngong Road,Unfurnished,0.9,54.4,2,1,20.8,9787.0,,,54.3,2,24331.0
887,Maisonette,Ruaka,Unfurnished,7.4,22.0,0,1,11.0,3642.0,14.6,3.0,66.8,3,20861.0
888,Apartment,Ruaka,Semi-Furnished,13.6,81.6,3,3,15.1,13792.0,,3.0,65.3,3,74379.0
889,Studio,Ruaka,Unfurnished,12.0,75.8,2,3,10.1,12358.0,,5.0,51.6,2,24847.0
890,Townhouse,Ngong Road,Semi-Furnished,9.2,113.1,5,4,11.9,21140.0,21.2,2.0,87.7,3,204786.0
891,Studio,Ngong Road,Unfurnished,10.4,86.2,2,2,10.7,16574.0,,4.0,48.6,2,19569.0
892,Apartment,Karen,Unfurnished,5.0,26.7,1,2,7.0,4663.0,,4.0,63.9,2,25950.0
893,Bungalow,Ruaka,Unfurnished,3.0,53.8,2,2,11.8,8448.0,12.9,3.0,70.4,2,44145.0
894,Maisonette,Karen,Semi-Furnished,16.3,131.8,5,4,6.5,24979.0,9.7,5.0,40.3,1,285393.0
895,Apartment,Kilimani,Unfurnished,8.0,70.2,3,2,5.0,13391.0,,3.0,73.7,5,128186.0
896,Apartment,Ngong Road,Unfurnished,7.7,75.7,2,2,12.9,12904.0,,4.0,49.0,0,31178.0
897,Studio,Westlands,Semi-Furnished,7.4,80.0,3,2,7.1,9096.0,,4.0,58.5,0,60711.0
898,Maisonette,Westlands,Semi-Furnished,4.7,52.0,1,2,6.2,11238.0,17.1,4.0,35.3,3,56328.0
899,Apartment,Ruaka,Unfurnished,15.8,60.8,1,1,3.7,8831.0,,4.0,80.8,5,28793.0
900,Apartment,Ngong Road,Semi-Furnished,10.5,135.1,4,4,29.8,22960.0,,2.0,100.0,2,98182.0
