store_id,store_format,location_type,delivery_available,store_size_category,store_age_years,store_size_sqm,num_staff,promotions_active,footfall_count,loyalty_program_members,online_order_count,avg_basket_size_kes,local_events_nearby,daily_sales_revenue_kes
1,Supermarket,Street,No,Medium,3.9,130.4,3,3,75.0,26,,1045.345568307063,1,82618.0
2,Hypermarket,Residential,Yes,Small,3.2,209.5,7,1,140.0,49,30.984001226128058,1085.2364124561755,0,87357.0
3,Kiosk,Mall,Yes,Medium,2.6,272.2,7,0,195.0,65,7.7315550067415195,743.5800318312268,0,66932.0
4,Convenience,Residential,No,Medium,3.6,210.3,6,1,262.0,67,,834.9136332348513,0,158860.0
5,Supermarket,Mall,No,Large,4.5,402.8,9,1,237.0,75,,1105.4329270676576,0,280863.0
6,Hypermarket,Mall,No,Medium,5.9,276.4,6,2,245.0,79,,800.2149473000408,2,252811.0
7,Convenience,Street,No,Medium,2.4,255.6,6,1,257.0,55,,1265.7982227728978,0,137612.0
8,Kiosk,Residential,No,Small,4.1,89.2,3,3,242.0,77,,968.9973736919449,0,89248.0
9,Supermarket,Street,Yes,Large,0.6,425.9,9,0,350.0,104,28.292421586414513,1182.3331117058287,1,316961.0
10,Kiosk,Residential,No,Large,8.0,407.1,9,2,192.0,62,,769.1730463135654,0,114578.0
11,Supermarket,Mall,No,Medium,9.9,91.2,1,1,157.0,64,,611.2469899874111,1,139872.0
12,Convenience,Mall,No,Small,3.8,125.4,2,1,178.0,61,,1154.5369253215988,1,132975.0
13,Convenience,Street,No,Medium,15.8,226.5,4,2,65.0,15,,717.7101401483125,0,73996.0
14,Supermarket,CBD,Yes,Medium,5.0,115.2,5,0,237.0,70,16.609966524200487,1280.1951061135862,1,112979.0
15,Convenience,CBD,Yes,Small,2.8,121.6,2,4,100.0,26,43.514633927832634,757.8862136626951,0,69386.0
16,Hypermarket,Mall,No,Medium,2.5,189.2,6,2,315.0,82,,1378.5400137745658,0,205472.0
17,Supermarket,Residential,No,Medium,11.7,192.5,5,3,29.0,5,,1289.6151641973674,0,123028.0
18,Hypermarket,Residential,Yes,Large,7.4,420.7,8,1,180.0,50,19.107106334767487,447.0574037613065,0,167322.0
19,Kiosk,Residential,No,Large,5.0,294.1,8,0,176.0,46,,935.5710586653239,0,120225.0
20,Convenience,Residential,No,Medium,1.2,375.6,7,0,111.0,19,,466.91410786337497,1,56714.0
21,Supermarket,Mall,Yes,Small,4.7,122.5,2,1,249.0,71,4.540357304648666,1258.4775243528447,0,230033.0
22,Convenience,Residential,Yes,Small,7.8,147.7,2,1,308.0,95,17.697369011960017,920.461944660204,1,117907.0
23,Convenience,Residential,No,Small,1.9,138.4,2,1,160.0,45,,475.33579376659276,1,61684.0
24,Hypermarket,Residential,No,Small,3.1,115.6,1,3,61.0,14,,1005.0971491341295,0,106102.0
25,Supermarket,Residential,No,Large,1.7,313.0,7,2,296.0,74,,306.4193231705041,1,136926.0
26,Convenience,CBD,Yes,Medium,1.6,244.4,5,2,97.0,31,20.64298444540737,1018.1884514076285,0,61171.0
27,Supermarket,CBD,No,Small,6.9,123.5,1,1,276.0,77,,677.8731860297657,1,148826.0
28,Convenience,Residential,Yes,Small,2.8,95.8,3,0,161.0,41,18.566832860916552,794.869207176479,0,56305.0
29,Hypermarket,Residential,No,Medium,0.9,381.0,8,0,139.0,46,,923.0344057500264,1,185097.0
30,Hypermarket,Street,No,Medium,3.1,264.4,5,0,184.0,63,,718.812660258528,0,142261.0
31,Kiosk,CBD,No,Large,0.3,303.9,7,0,80.0,23,,1019.8998785611074,0,112912.0
32,Kiosk,Street,Yes,Medium,1.8,264.1,4,2,207.0,64,15.576464386731658,714.6632929317365,1,70310.0
33,Supermarket,CBD,No,Small,16.2,75.2,2,0,130.0,44,,661.246705989605,0,87684.0
34,Supermarket,Mall,Yes,Small,10.9,161.2,1,0,158.0,54,17.785319007172962,1121.3245666968248,0,85102.0
35,Kiosk,Street,No,Small,4.3,144.7,6,2,332.0,110,,596.3792209318253,0,114283.0
36,Convenience,Mall,No,Small,9.8,131.6,4,1,60.0,18,,1006.4397660477651,0,103307.0
37,Convenience,Mall,No,Medium,4.6,158.8,5,3,121.0,48,,1153.393671787696,0,101292.0
38,Convenience,Mall,No,Small,3.3,76.6,3,2,105.0,26,,1043.0915194331767,0,93303.0
39,Supermarket,Residential,Yes,Medium,8.4,135.8,1,0,131.0,35,21.93116003808402,1008.8289300577109,0,125789.0
40,Convenience,CBD,No,Small,7.2,78.1,1,2,117.0,32,,1044.6223428322241,0,75701.0
41,Supermarket,CBD,No,Small,7.3,107.7,1,1,18.0,11,,912.4109428168584,1,35910.0
42,Supermarket,CBD,Yes,Medium,1.9,69.8,2,0,62.0,21,43.75207486860907,1019.1155241944742,0,126208.0
43,Supermarket,Residential,No,Small,4.2,91.4,1,1,72.0,20,,1230.1158069213893,0,93097.0
44,Convenience,Residential,No,Medium,3.9,303.7,9,1,212.0,69,,454.4649631689537,0,91835.0
45,Supermarket,Mall,No,Large,6.8,441.8,8,0,193.0,47,,883.4954631339288,0,206339.0
46,Supermarket,Residential,No,Medium,1.7,277.5,9,0,130.0,48,,434.94132474585,0,113174.0
47,Supermarket,Residential,No,Medium,3.3,161.7,5,1,343.0,102,,426.8018498799022,1,171700.0
48,Convenience,CBD,Yes,Small,10.6,134.0,2,0,69.0,19,31.098561003107022,,1,367927.0
49,Convenience,Residential,Yes,Medium,7.6,177.4,3,1,268.0,64,35.18115247946255,1430.2030814649845,1,125889.0
50,Supermarket,Mall,No,Small,3.9,96.8,3,4,433.0,111,,668.6153946014472,0,211253.0
51,Kiosk,Street,Yes,Small,2.2,147.7,5,0,189.0,49,30.694385532012213,1135.7545005873174,0,56715.0
52,Supermarket,Residential,No,Large,6.9,407.6,7,1,64.0,23,,1397.1620864942267,0,156321.0
53,Hypermarket,Mall,No,Medium,3.9,115.4,2,0,158.0,51,,1709.1207756359813,0,173201.0
54,Convenience,CBD,No,Small,2.1,90.0,2,2,292.0,83,,1015.3449280233629,0,157819.0
55,Convenience,CBD,No,Small,4.3,154.4,4,4,92.0,24,,946.9415883215752,1,75075.0
56,Supermarket,Residential,No,Small,5.5,116.1,3,1,242.0,69,,1128.3232971417383,0,130829.0
57,Supermarket,Mall,No,Small,7.3,145.4,4,1,347.0,115,,1145.438114236448,1,150989.0
58,Supermarket,Residential,No,Medium,2.0,116.7,1,0,238.0,76,,1407.7687613491667,1,179877.0
59,Convenience,Residential,Yes,Medium,3.5,241.7,6,3,98.0,29,19.435515683686802,611.8312685838939,0,90404.0
60,Kiosk,Residential,No,Small,10.8,201.0,6,3,133.0,47,,1150.4687163748981,0,81258.0
61,Supermarket,CBD,No,Medium,2.6,201.7,4,3,132.0,38,,945.8672634445649,1,207883.0
62,Hypermarket,Residential,No,Small,3.1,100.6,1,3,238.0,81,,742.0332992192351,2,266446.0
63,Supermarket,CBD,No,Small,8.7,157.3,5,0,207.0,79,,100.0,0,61970.0
64,Convenience,Mall,Yes,Large,10.8,183.3,1,3,259.0,78,38.2103008261855,848.6332434629643,0,270515.0
65,Hypermarket,Mall,No,Medium,9.6,202.1,1,1,169.0,54,,1048.9734892485321,0,112783.0
66,Supermarket,Residential,No,Medium,9.3,226.8,4,3,98.0,25,,1190.7959486219363,0,154221.0
67,Convenience,Mall,No,Small,2.0,115.9,2,1,44.0,11,,693.6575668747837,2,51276.0
68,Convenience,Street,No,Small,7.7,70.8,3,0,61.0,15,,667.7626899415752,0,26606.0
69,Convenience,Mall,No,Medium,9.9,183.3,5,2,194.0,60,,1056.6033671679825,0,183606.0
70,Supermarket,Residential,No,Small,3.6,112.2,3,3,277.0,82,,908.8779970190991,1,111384.0
71,Supermarket,Street,Yes,Small,0.8,169.8,4,3,181.0,49,50.634812129878625,835.8442242014115,0,104078.0
72,Supermarket,CBD,Yes,Large,6.3,588.4,10,1,83.0,22,46.27897111033076,802.2441375874205,2,147408.0
73,Kiosk,Residential,Yes,Small,8.4,56.9,1,1,146.0,54,20.324156490757876,1533.2020896913964,0,80537.0
74,Supermarket,Street,Yes,Large,4.9,242.4,5,2,59.0,14,85.81707366030284,1326.6805330889506,1,107855.0
75,Convenience,Street,Yes,Medium,0.6,192.7,5,3,177.0,56,27.2855496749252,1291.6832568976633,0,112578.0
76,Convenience,Residential,Yes,Small,3.5,104.5,1,2,110.0,31,56.09201720773621,1685.8200041504142,1,59870.0
77,Convenience,CBD,Yes,Medium,9.1,327.2,8,0,229.0,56,19.366942835884934,1021.7660671255856,3,707769.0
78,Hypermarket,Residential,Yes,Small,0.8,115.7,1,1,142.0,48,50.56768544783008,1414.221254715801,1,117566.0
79,Convenience,Mall,No,Medium,1.5,326.7,8,2,232.0,72,,1267.5435449924012,0,182644.0
80,Hypermarket,CBD,No,Large,6.1,491.0,14,1,189.0,66,,1181.6767551761595,2,391593.0
81,Supermarket,CBD,Yes,Medium,2.0,338.9,6,2,441.0,135,48.13972043531605,859.1817472414396,2,234795.0
82,Hypermarket,Mall,No,Medium,2.3,281.6,5,1,71.0,19,,1120.7988781768315,0,208693.0
83,Convenience,Mall,No,Small,9.1,162.1,3,0,89.0,34,,346.1707391824874,0,41879.0
84,Supermarket,Residential,No,Small,7.3,187.9,5,0,105.0,30,,934.8733042719641,0,45659.0
85,Convenience,Mall,No,Medium,5.3,188.1,5,1,81.0,28,,1054.3015090399979,0,91955.0
86,Convenience,Residential,Yes,Large,12.0,341.6,6,2,274.0,76,25.75837683989143,829.953717665714,0,229644.0
87,Kiosk,Mall,Yes,Small,6.1,116.6,3,0,246.0,83,16.562483084214353,737.5984893996618,0,93536.0
88,Convenience,Mall,No,Small,3.8,136.2,1,3,97.0,34,,963.8165783836641,0,107853.0
89,Kiosk,Street,Yes,Medium,10.6,127.7,3,1,416.0,140,55.71101353376221,568.6958884144846,0,77536.0
90,Supermarket,CBD,Yes,Small,11.7,113.4,3,3,201.0,67,26.75133173441974,983.8445826989222,0,144520.0
91,Supermarket,Mall,Yes,Medium,2.3,267.0,8,3,210.0,68,16.402357863831046,1428.5602281280994,0,275540.0
92,Hypermarket,Street,No,Medium,3.5,179.1,7,0,107.0,36,,1466.002318899218,0,514018.0
93,Supermarket,Street,No,Medium,6.5,351.0,7,1,46.0,15,,100.0,1,38977.0
94,Hypermarket,Mall,No,Medium,1.6,278.2,6,1,184.0,64,,1750.6907273436605,2,415048.0
95,Supermarket,Mall,No,Small,0.9,139.2,3,0,287.0,87,,1245.6824757476056,0,188019.0
96,Kiosk,CBD,No,Medium,4.6,234.4,5,0,384.0,115,,283.8331613674761,0,83168.0
97,Convenience,Residential,Yes,Medium,1.6,261.6,7,2,110.0,38,18.69639482019243,1664.5481820147365,1,189342.0
98,Hypermarket,Residential,No,Medium,0.7,190.4,2,1,193.0,56,,913.4643496851467,0,143844.0
99,Supermarket,Residential,No,Large,0.9,501.6,11,1,270.0,85,,1515.3592493557896,3,273929.0
100,Kiosk,Street,Yes,Small,6.1,153.3,6,1,109.0,36,29.522089166500304,967.7427011267753,3,73786.0
101,Kiosk,Mall,No,Large,9.2,230.2,6,0,190.0,46,,861.7217672920551,0,149392.0
102,Convenience,CBD,No,Small,5.9,38.0,2,0,101.0,25,,285.22802064854227,2,33387.0
103,Supermarket,CBD,No,Large,7.5,302.9,7,1,133.0,49,,992.029896903321,0,133565.0
104,Hypermarket,Mall,Yes,Small,2.1,148.2,4,0,177.0,57,27.008843953075242,615.2052240980375,1,103433.0
105,Convenience,CBD,No,Small,3.3,120.6,2,3,122.0,46,,517.718256029046,2,98219.0
106,Supermarket,Residential,Yes,Large,5.5,198.1,4,3,163.0,42,29.13422894786232,577.1575548017992,0,195126.0
107,Supermarket,Street,No,Medium,2.6,258.9,5,0,360.0,103,,1091.903657916093,0,207858.0
108,Supermarket,CBD,No,Medium,7.7,26.6,1,1,106.0,31,,1215.8153374164435,1,161170.0
109,Kiosk,Residential,No,Medium,6.7,244.6,4,1,68.0,17,,1172.8021384255221,0,51547.0
110,Convenience,CBD,Yes,Large,5.5,311.9,7,1,225.0,78,25.12458852237194,1317.424419839268,0,161623.0
111,Kiosk,Residential,No,Medium,5.3,234.9,4,0,273.0,83,,942.1831251211721,1,123888.0
112,Kiosk,CBD,No,Small,2.4,82.4,6,2,104.0,26,,239.89021665782127,1,64723.0
113,Convenience,Residential,No,Large,1.2,588.3,13,0,328.0,115,,798.2804677257014,0,194445.0
114,Supermarket,CBD,Yes,Large,1.7,324.7,7,2,70.0,26,9.280107724760752,664.2500052505657,0,215314.0
115,Convenience,Residential,Yes,Small,4.4,144.2,3,5,125.0,43,45.314012405790464,987.3568526280152,0,91950.0
116,Kiosk,Mall,No,Small,1.4,127.6,1,2,129.0,27,,1123.5156869515195,0,85169.0
117,Kiosk,Residential,No,Medium,10.4,286.1,7,0,193.0,61,,400.4322700371738,1,64847.0
118,Supermarket,Mall,No,Large,8.1,375.8,8,0,158.0,54,,1243.0463251570657,1,344741.0
119,Kiosk,Street,Yes,Medium,6.2,298.9,6,0,123.0,38,24.145841517492705,1193.2773842315232,0,120959.0
120,Hypermarket,Street,No,Small,10.1,98.6,6,3,95.0,25,,804.1094109689054,1,74459.0
121,Supermarket,Residential,No,Medium,6.8,165.6,4,2,113.0,27,,1071.3009370974755,0,106347.0
122,Supermarket,Street,Yes,Large,7.8,240.4,5,0,71.0,24,28.73814035407453,623.966688470282,1,166873.0
123,Kiosk,Residential,No,Small,6.7,62.4,1,1,191.0,62,,920.9456725333264,2,43668.0
124,Supermarket,CBD,No,Large,7.5,397.9,7,0,132.0,46,,1255.547661968017,0,148723.0
125,Hypermarket,Mall,No,Medium,5.5,352.3,10,1,159.0,58,,1224.4394507229442,1,219488.0
126,Supermarket,Residential,No,Large,8.0,334.2,7,3,88.0,34,,847.3296554387719,1,120370.0
127,Hypermarket,Street,No,Medium,9.6,422.3,8,0,157.0,50,,751.4554844860735,1,113808.0
128,Convenience,CBD,Yes,Small,22.0,81.6,1,0,169.0,69,30.197605693199986,1035.4213387342234,2,67100.0
129,Hypermarket,Mall,No,Small,11.7,178.7,3,3,114.0,28,,504.15326960129147,0,97851.0
130,Supermarket,Residential,No,Large,3.2,289.3,6,0,227.0,76,,711.5298974391974,0,135859.0
131,Convenience,CBD,Yes,Medium,3.8,335.3,5,1,47.0,11,20.350337730659266,1371.1384802456682,0,113049.0
132,Hypermarket,Mall,No,Large,6.6,249.8,5,1,437.0,145,,648.0155212131923,0,352689.0
133,Hypermarket,Street,No,Small,10.8,235.5,5,0,42.0,9,,835.714589709969,0,36878.0
134,Supermarket,CBD,No,Medium,4.8,185.2,5,0,355.0,124,,100.0,0,138365.0
135,Hypermarket,Street,Yes,Small,10.7,35.4,3,1,267.0,82,41.1241888326672,731.6781733517757,1,90088.0
136,Hypermarket,Mall,No,Medium,4.1,309.3,6,4,112.0,42,,368.95554997973704,0,197045.0
137,Kiosk,Residential,Yes,Small,11.4,101.5,2,2,25.0,11,23.180327850541765,1035.3240694911715,0,28841.0
138,Supermarket,Residential,Yes,Medium,4.1,184.9,5,0,146.0,48,9.816846651585436,902.147022620412,1,106524.0
139,Kiosk,Residential,No,Large,2.0,317.0,7,1,369.0,112,,983.4071755127075,1,170358.0
140,Convenience,CBD,Yes,Small,4.6,41.4,1,2,133.0,42,52.19555816411434,951.0898084339432,1,82763.0
141,Kiosk,Street,Yes,Small,5.5,97.3,2,3,124.0,40,56.54664035516289,1398.5251148964715,0,44698.0
142,Kiosk,CBD,Yes,Medium,1.9,377.4,10,1,96.0,37,41.18147544361803,746.5254593653567,0,101844.0
143,Supermarket,Street,No,Medium,2.8,359.0,8,1,193.0,53,,772.7738975343469,1,101000.0
144,Kiosk,Mall,Yes,Medium,2.6,258.2,6,1,149.0,44,11.990205194362701,637.7758886358965,2,92783.0
145,Hypermarket,Street,Yes,Medium,4.6,281.4,7,2,244.0,73,51.34193833651297,601.4354952998475,2,130874.0
146,Kiosk,Street,No,Medium,2.8,71.6,1,2,308.0,99,,793.5842942607202,1,131397.0
147,Supermarket,Mall,Yes,Small,2.9,115.0,3,2,344.0,109,27.883236751244556,1187.6881152799006,1,160230.0
148,Supermarket,Residential,Yes,Medium,5.2,352.6,6,0,164.0,51,36.03520252318212,697.7751485831712,2,128379.0
149,Hypermarket,Street,Yes,Small,1.1,86.6,4,0,56.0,19,22.255501774323843,1006.6566569093451,0,93142.0
150,Convenience,Residential,No,Small,3.2,146.9,4,0,124.0,40,,1236.8323113162523,0,74031.0
151,Supermarket,CBD,Yes,Small,5.6,158.5,4,2,118.0,35,29.265555490275858,962.3727186852839,0,182067.0
152,Supermarket,Mall,No,Small,6.7,99.7,3,1,213.0,63,,,1,76956.0
153,Convenience,CBD,No,Small,3.3,33.4,1,2,241.0,69,,926.7528883698653,1,109581.0
154,Convenience,Residential,No,Medium,7.7,338.2,6,1,106.0,33,,904.0004071529411,0,66723.0
155,Convenience,Residential,No,Small,7.8,43.9,2,1,47.0,16,,,0,49549.0
156,Convenience,Residential,Yes,Medium,6.7,249.9,4,2,166.0,47,25.86480554231952,982.0250984165967,0,127021.0
157,Convenience,Residential,Yes,Small,11.8,99.4,1,0,151.0,39,8.071099939978662,1097.0347670500955,0,51757.0
158,Kiosk,Street,Yes,Medium,2.6,179.3,2,4,108.0,24,29.89864253741748,1312.3668757498665,0,188588.0
159,Supermarket,Street,Yes,Small,3.0,126.3,1,1,217.0,67,22.62871468227987,872.8847699796307,2,150745.0
160,Convenience,Residential,No,Large,1.0,473.1,10,0,74.0,25,,1513.2675820197674,0,115069.0
161,Hypermarket,Street,No,Small,1.9,164.6,3,2,363.0,95,,903.379989606403,1,170006.0
162,Kiosk,CBD,Yes,Medium,6.1,235.6,5,0,274.0,85,29.43264705703322,1192.234415397638,1,145858.0
163,Hypermarket,Street,Yes,Medium,4.6,361.8,8,2,150.0,34,73.93995987376526,401.6933517689084,2,169717.0
164,Kiosk,Residential,No,Small,2.0,137.8,2,2,142.0,48,,1283.0110355661045,0,51572.0
165,Kiosk,Residential,Yes,Large,8.5,371.5,10,1,265.0,82,17.358973679533328,845.9254755262833,0,150362.0
166,Convenience,Street,No,Large,15.6,391.1,9,1,15.0,5,,745.1603719425933,0,57836.0
167,Kiosk,Residential,No,Large,1.5,471.7,10,1,183.0,52,,,0,62034.0
168,Convenience,Street,No,Large,1.9,419.4,12,3,87.0,27,,1377.8355713124847,2,124267.0
169,Convenience,Street,No,Medium,12.8,369.6,11,0,347.0,89,,1103.5215167074498,0,122244.0
170,Supermarket,Residential,No,Small,1.3,105.3,3,1,77.0,18,,,0,86673.0
171,Supermarket,Street,No,Small,2.1,152.0,5,4,121.0,40,,1278.8483656061837,2,103693.0
172,Supermarket,Mall,No,Small,8.1,133.0,4,2,119.0,26,,835.9766428325739,0,127193.0
173,Hypermarket,Street,No,Small,10.3,110.8,5,4,48.0,11,,974.810548062183,0,81681.0
174,Hypermarket,Mall,No,Large,6.3,292.3,5,0,167.0,47,,1279.7329757661278,0,338588.0
175,Supermarket,Residential,No,Small,9.4,180.2,4,2,221.0,55,,1117.6733711890488,0,189621.0
176,Convenience,Street,Yes,Large,14.2,316.4,8,2,207.0,61,9.976840328565512,1022.1062270455003,1,186005.0
177,Convenience,Mall,Yes,Small,12.5,170.5,1,2,364.0,117,96.41325250630958,1337.5063515897255,2,141797.0
178,Supermarket,Mall,No,Small,3.6,29.0,2,1,551.0,140,,944.531946409904,0,201139.0
179,Supermarket,Residential,No,Medium,5.7,233.8,5,1,220.0,69,,1485.551922728969,0,168796.0
180,Kiosk,CBD,Yes,Large,12.1,304.1,7,2,322.0,76,8.904645462757264,788.4704782168919,0,202248.0
181,Supermarket,Mall,No,Medium,4.3,31.1,1,3,127.0,48,,,0,153582.0
182,Convenience,CBD,No,Small,8.1,53.2,1,3,166.0,50,,1140.8616975287048,2,68122.0
183,Convenience,Street,Yes,Large,7.2,343.9,7,2,62.0,16,9.610426419366185,1002.1774116639289,0,130822.0
184,Supermarket,Residential,No,Medium,1.3,169.6,6,3,123.0,38,,1195.3679766014077,1,210501.0
185,Supermarket,Mall,No,Medium,2.6,75.2,2,0,212.0,58,,,0,201164.0
186,Kiosk,Mall,No,Large,3.6,419.1,9,1,209.0,66,,958.767651625974,2,169978.0
187,Kiosk,Street,No,Small,4.1,147.3,1,1,65.0,17,,928.1010591205886,1,39462.0
188,Supermarket,CBD,No,Medium,3.2,274.6,9,4,394.0,113,,1059.8544077417869,2,296412.0
189,Kiosk,Street,No,Small,9.1,130.7,1,2,146.0,38,,901.3646649830176,0,41310.0
190,Kiosk,CBD,No,Medium,4.9,357.3,9,1,141.0,37,,963.4029873587702,1,86758.0
191,Convenience,CBD,Yes,Medium,12.9,252.3,5,2,115.0,26,55.407505416461646,1142.6981385807346,0,120290.0
192,Supermarket,Street,Yes,Small,5.1,55.5,2,2,184.0,51,19.108636056974497,202.48672369964663,3,63117.0
193,Supermarket,Mall,No,Medium,3.5,138.7,4,1,49.0,13,,807.1289819465471,0,123436.0
194,Supermarket,Mall,No,Medium,3.3,254.2,5,3,350.0,110,,1776.674447333436,1,301851.0
195,Supermarket,Mall,No,Large,1.8,251.2,5,1,152.0,49,,1424.6116434076803,0,284441.0
196,Convenience,Street,Yes,Large,6.7,376.1,8,0,99.0,34,33.72914431503424,1098.4405587367837,0,74473.0
197,Kiosk,Residential,No,Medium,0.2,189.3,5,4,158.0,39,,819.8893171336449,0,134562.0
198,Hypermarket,Street,No,Small,4.7,111.9,3,1,105.0,27,,1026.422001505718,1,83077.0
199,Supermarket,CBD,Yes,Small,3.8,45.4,1,1,225.0,80,22.11216517804353,1175.8651384801387,0,119226.0
200,Convenience,Residential,Yes,Small,5.5,111.3,2,2,146.0,35,7.209552612924855,1103.2970404684365,0,87199.0
201,Hypermarket,Street,No,Medium,2.3,162.4,3,1,130.0,34,,1716.1122024053611,1,126649.0
202,Supermarket,Street,No,Small,4.3,85.3,1,2,128.0,35,,1336.4645556487549,2,98589.0
203,Kiosk,Residential,No,Medium,2.4,234.9,3,1,94.0,40,,882.5381820388095,0,60571.0
204,Kiosk,Mall,Yes,Large,3.6,394.5,8,2,152.0,46,13.574470666133143,1202.7758176673444,0,265438.0
205,Convenience,Residential,No,Small,6.2,25.0,1,0,144.0,40,,1054.039393333633,0,61931.0
206,Hypermarket,Residential,Yes,Medium,6.4,207.0,5,2,96.0,27,62.341442185134284,439.89397203898847,1,120331.0
207,Supermarket,Residential,Yes,Small,7.3,164.5,5,1,42.0,13,28.566214168432868,1201.5952511025341,1,35748.0
208,Convenience,Mall,Yes,Large,3.9,203.6,5,0,105.0,29,21.905752000922448,1397.78553385275,1,174159.0
209,Convenience,Residential,Yes,Medium,5.6,136.7,3,2,152.0,42,14.360823209070615,570.4125872908913,0,119661.0
210,Supermarket,Street,No,Medium,4.7,355.9,9,3,151.0,50,,,1,157530.0
211,Kiosk,Street,Yes,Medium,5.6,115.6,5,2,31.0,10,18.96600063781115,796.9030777977501,0,38296.0
212,Supermarket,Street,No,Medium,9.5,208.2,5,2,79.0,24,,1160.4801253198139,0,112975.0
213,Supermarket,CBD,Yes,Large,6.3,529.7,12,4,27.0,9,18.309089515731994,852.7888994223694,0,155449.0
214,Convenience,Residential,Yes,Medium,1.1,355.8,11,3,130.0,35,76.56589511757271,324.8400392930379,2,62174.0
215,Supermarket,Street,No,Small,2.9,106.1,2,4,240.0,71,,1016.5911853718268,0,126918.0
216,Kiosk,Residential,Yes,Small,4.3,119.6,4,1,214.0,55,32.308034380868314,1460.7653326651682,0,88977.0
217,Convenience,Residential,No,Large,3.9,333.6,10,2,220.0,55,,424.0721357277372,1,170422.0
218,Convenience,Residential,No,Small,0.5,223.8,4,1,134.0,39,,1050.4868282156606,2,93877.0
219,Convenience,Mall,No,Large,3.1,429.2,9,1,126.0,38,,538.7283928797597,0,165458.0
220,Kiosk,CBD,No,Medium,2.8,210.0,4,0,59.0,12,,281.1391485506788,1,217718.0
221,Kiosk,Residential,No,Large,6.9,219.0,6,4,40.0,11,,576.3817434930237,0,125162.0
222,Supermarket,Residential,Yes,Small,5.6,138.5,1,3,111.0,26,11.137404511586372,,0,64076.0
223,Supermarket,Residential,No,Medium,4.9,283.0,7,1,79.0,21,,854.509172496891,0,92097.0
224,Supermarket,CBD,Yes,Medium,7.7,316.0,7,1,278.0,89,35.99271320854325,974.1698725321103,0,222704.0
225,Supermarket,Mall,No,Small,2.2,175.4,2,1,256.0,82,,1169.5219629804194,0,243228.0
226,Convenience,Residential,No,Medium,5.4,79.1,1,0,146.0,38,,843.8442752595261,1,97840.0
227,Hypermarket,Street,No,Medium,7.7,356.4,7,0,104.0,33,,1001.9035431559098,0,163721.0
228,Convenience,CBD,No,Large,3.2,275.3,4,0,154.0,43,,995.1042138693903,0,122534.0
229,Convenience,Mall,Yes,Medium,3.3,259.6,7,1,216.0,53,80.97312740188733,,2,100224.0
230,Hypermarket,Residential,No,Small,8.1,156.7,4,1,294.0,83,,848.4891726878207,0,139263.0
231,Hypermarket,Mall,No,Large,2.2,401.7,9,4,135.0,45,,1075.7369624503067,0,488268.0
232,Kiosk,Street,Yes,Small,1.4,133.7,3,2,187.0,55,13.842497488575098,1155.968626159621,1,50703.0
233,Kiosk,Street,No,Small,6.7,130.9,2,0,116.0,31,,802.2398365438089,0,29445.0
234,Convenience,Street,Yes,Large,5.7,348.9,6,1,56.0,13,12.284922214000922,693.9661854549083,0,45619.0
235,Convenience,Residential,Yes,Medium,8.9,364.1,10,1,265.0,70,4.067202994412994,666.8631407570172,0,124492.0
236,Supermarket,CBD,Yes,Medium,5.5,113.3,2,5,188.0,70,16.284898943460767,328.52817221688395,0,183334.0
237,Supermarket,Residential,Yes,Medium,9.7,229.0,3,2,339.0,101,24.25855248354624,804.8543582360971,1,162672.0
238,Convenience,Mall,No,Small,2.9,64.4,1,2,340.0,94,,1107.4643979833033,2,83999.0
239,Convenience,Mall,No,Small,3.2,25.0,1,0,111.0,40,,2062.925887058569,0,122468.0
240,Supermarket,CBD,Yes,Medium,2.5,265.6,2,0,59.0,13,33.99473389292749,1555.4394432335741,0,147902.0
241,Kiosk,Street,No,Medium,8.4,227.0,4,1,176.0,58,,1806.148162792303,0,56436.0
242,Convenience,Mall,No,Small,1.6,28.1,2,4,236.0,67,,751.9175041461737,4,160835.0
243,Supermarket,CBD,No,Small,2.0,183.2,3,3,223.0,63,,833.615321618285,0,189284.0
244,Kiosk,Residential,No,Small,2.8,190.2,3,2,103.0,32,,1434.2569795296743,0,49744.0
245,Kiosk,Residential,Yes,Medium,7.6,250.1,6,1,230.0,84,46.763529466093914,875.270288769915,2,100073.0
246,Convenience,CBD,Yes,Medium,1.4,398.1,10,2,142.0,46,9.035019027632414,100.0,0,86208.0
247,Kiosk,Residential,Yes,Large,2.0,274.8,6,2,107.0,36,11.626456518088647,994.2040886305588,2,82992.0
248,Convenience,Mall,No,Medium,10.3,155.8,3,0,97.0,24,,745.653170129124,0,94698.0
249,Hypermarket,Street,Yes,Medium,11.5,210.5,2,0,92.0,28,75.35124742359417,620.340233025939,2,73173.0
250,Kiosk,CBD,No,Medium,4.1,217.1,5,3,54.0,12,,,0,86226.0
251,Supermarket,Residential,No,Small,2.8,107.2,2,0,219.0,62,,694.6561726926268,0,58417.0
252,Supermarket,Residential,No,Medium,20.3,123.6,2,1,234.0,59,,756.0366246104618,0,115746.0
253,Kiosk,Residential,No,Medium,8.3,270.9,3,0,99.0,30,,773.489661738127,1,49590.0
254,Convenience,CBD,No,Small,7.9,77.9,2,0,156.0,46,,1326.815367675763,1,62504.0
255,Supermarket,Residential,Yes,Medium,7.8,184.1,4,3,260.0,90,10.717309695738265,1238.0874515752187,0,165768.0
256,Supermarket,Mall,Yes,Large,3.4,544.7,12,0,141.0,44,43.130861561700385,397.807553606948,0,242295.0
257,Supermarket,Street,Yes,Small,8.0,123.8,4,6,143.0,42,23.20973043973506,700.2217354493566,0,162260.0
258,Kiosk,Street,Yes,Medium,11.4,154.9,4,1,86.0,21,48.8849890780735,559.2237657153045,1,39221.0
259,Convenience,Street,No,Medium,3.7,439.9,11,2,143.0,44,,,0,113333.0
260,Convenience,Street,Yes,Large,6.4,351.4,7,2,171.0,53,15.915431491010521,,1,211414.0
261,Hypermarket,Street,No,Small,3.8,112.3,4,0,193.0,53,,1351.3195190532247,1,212827.0
262,Hypermarket,Mall,No,Medium,8.3,233.0,3,3,90.0,20,,481.4607775530312,1,152300.0
263,Hypermarket,CBD,Yes,Small,5.8,113.2,3,4,157.0,51,18.885624327279977,865.2649970945486,1,122268.0
264,Convenience,CBD,No,Medium,1.9,99.9,2,1,120.0,26,,458.45442570147696,1,72522.0
265,Supermarket,Mall,No,Large,9.2,323.8,4,3,98.0,27,,914.7838932029421,1,120620.0
266,Supermarket,Mall,Yes,Large,7.7,465.8,11,2,184.0,50,24.071462789255268,488.29038158064697,0,285529.0
267,Kiosk,CBD,Yes,Small,7.0,117.6,5,2,315.0,92,26.435169494646438,1137.7158830563958,1,94437.0
268,Supermarket,Residential,No,Small,7.4,112.3,1,0,251.0,68,,538.2490506343627,0,72221.0
269,Supermarket,Residential,Yes,Small,5.0,146.3,5,1,349.0,86,32.933711468273046,1618.5848252749497,0,324320.0
270,Convenience,Residential,Yes,Small,15.0,125.1,4,1,73.0,20,15.580317386447007,1374.1050753061477,0,62092.0
271,Supermarket,Street,No,Medium,7.5,197.7,3,1,370.0,119,,1022.6142800229918,0,170869.0
272,Convenience,Residential,Yes,Small,13.5,72.4,1,2,58.0,21,11.34062283911855,655.4053651442389,0,36892.0
273,Convenience,Residential,No,Medium,3.8,142.7,6,0,332.0,105,,176.02331509183193,3,112255.0
274,Supermarket,Mall,Yes,Small,7.8,236.3,5,1,166.0,50,5.162145427449513,552.7848881726927,0,142668.0
275,Supermarket,Residential,No,Medium,2.0,320.4,6,2,128.0,42,,825.7061822021367,0,177509.0
276,Convenience,CBD,Yes,Medium,8.8,49.3,1,1,66.0,18,22.412424391763775,477.98361571253946,1,77014.0
277,Convenience,Residential,No,Small,11.5,159.9,5,2,145.0,42,,,0,88831.0
278,Convenience,Residential,Yes,Large,4.9,281.4,5,3,353.0,112,47.874335327431425,488.42838331749755,1,193930.0
279,Convenience,CBD,No,Large,11.2,423.2,7,2,128.0,41,,1057.5400844010908,0,161348.0
280,Hypermarket,Street,Yes,Medium,0.5,341.6,7,0,317.0,89,21.432601305297585,709.6012395454937,1,158027.0
281,Convenience,Mall,No,Small,6.9,104.8,2,3,228.0,71,,812.7837432895535,1,112072.0
282,Supermarket,CBD,No,Small,1.2,86.7,3,0,181.0,53,,481.58670329218006,0,87953.0
283,Hypermarket,Mall,No,Small,4.8,209.2,5,3,53.0,19,,882.6288431127101,0,107259.0
284,Convenience,CBD,No,Small,0.6,124.1,1,1,125.0,48,,765.4647493106891,1,82364.0
285,Kiosk,Street,Yes,Large,4.5,310.6,7,1,63.0,12,10.158781286140691,,0,51321.0
286,Hypermarket,Mall,No,Medium,0.8,233.0,6,3,390.0,104,,1643.6958273884065,0,616408.0
287,Kiosk,Mall,No,Small,1.6,125.3,2,1,156.0,43,,695.325908413846,0,55855.0
288,Kiosk,Residential,No,Small,6.2,157.9,3,2,206.0,63,,1316.2821620674686,0,100307.0
289,Supermarket,Mall,No,Medium,6.2,191.5,4,2,253.0,82,,1201.3118379188577,3,243749.0
290,Hypermarket,Residential,Yes,Medium,2.3,264.6,6,2,516.0,159,15.027608806857199,1454.1482307591514,0,238847.0
291,Convenience,Mall,Yes,Medium,12.9,111.1,1,3,568.0,169,9.398554043243829,578.040129416531,2,137720.0
292,Convenience,CBD,No,Small,2.4,143.2,2,1,56.0,20,,1144.0219584452675,1,58421.0
293,Supermarket,Residential,Yes,Large,8.3,447.3,10,0,59.0,18,32.67850270729647,1288.3705767458289,0,140935.0
294,Kiosk,CBD,No,Large,6.5,213.6,5,1,292.0,89,,1330.6793971604293,0,128521.0
295,Convenience,Residential,No,Large,4.2,280.2,7,3,245.0,72,,1430.9220763673793,1,196576.0
296,Hypermarket,Mall,Yes,Large,9.0,554.0,13,4,417.0,120,16.23472748081637,873.1309845865809,0,369430.0
297,Supermarket,CBD,Yes,Small,2.9,135.5,2,4,143.0,40,10.886231625887591,1159.2166114397758,1,174318.0
298,Kiosk,CBD,No,Medium,4.7,328.2,10,1,183.0,60,,1139.2462596670898,0,172754.0
299,Convenience,Street,No,Large,2.5,534.6,11,2,148.0,61,,1414.3079750245165,1,220626.0
300,Kiosk,CBD,Yes,Medium,6.8,222.3,4,2,108.0,27,17.627451500276887,970.0733488461947,2,89386.0
301,Supermarket,Mall,No,Medium,9.2,177.5,3,1,138.0,42,,1367.5967738036125,0,177098.0
302,Convenience,Residential,No,Medium,15.7,330.5,6,1,85.0,24,,575.3159352226635,0,86722.0
303,Convenience,Mall,Yes,Small,6.0,118.7,4,2,149.0,51,11.46100180796173,778.6721280432057,0,158374.0
304,Supermarket,Residential,Yes,Small,18.3,87.3,3,1,322.0,84,37.954898987991285,954.4756966870083,0,56134.0
305,Supermarket,Residential,No,Small,6.5,122.8,4,3,341.0,101,,917.9103864405805,2,89714.0
306,Supermarket,Street,Yes,Small,0.8,97.6,3,1,98.0,34,88.84495848641514,894.4895834495868,2,90549.0
307,Supermarket,Mall,Yes,Small,7.5,109.2,4,2,235.0,67,25.27687845782037,1198.2318326851812,0,117022.0
308,Hypermarket,Residential,Yes,Medium,5.5,185.5,3,2,83.0,26,30.59714727383235,926.4662739909386,1,119400.0
309,Supermarket,Mall,No,Medium,2.4,306.3,5,2,147.0,50,,556.6724513691865,2,211709.0
310,Convenience,Residential,Yes,Medium,1.6,269.4,6,2,216.0,64,48.75587813657099,578.8694148593586,1,131368.0
311,Convenience,Mall,No,Medium,2.9,207.1,5,2,74.0,27,,821.3465707765097,1,55818.0
312,Kiosk,Street,No,Small,6.4,72.2,2,2,151.0,44,,826.9430226494377,0,40650.0
313,Kiosk,CBD,No,Large,1.2,558.1,12,1,70.0,27,,1171.630736303472,0,164640.0
314,Kiosk,CBD,No,Medium,1.5,236.0,3,1,267.0,74,,945.355362150267,0,83329.0
315,Supermarket,Street,Yes,Medium,8.4,326.3,7,2,94.0,27,18.482296553693114,709.1999185635891,1,128884.0
316,Supermarket,Mall,No,Small,1.4,71.5,1,0,256.0,83,,744.5794893925668,1,124362.0
317,Kiosk,Street,Yes,Small,1.8,28.6,1,3,91.0,18,17.210469501769147,863.004531118288,0,45158.0
318,Supermarket,Street,No,Medium,7.2,155.6,4,3,122.0,32,,474.6272508356367,0,100106.0
319,Kiosk,CBD,No,Small,3.2,163.9,6,1,98.0,31,,643.3587661552097,0,45229.0
320,Kiosk,Street,No,Small,10.0,111.1,3,0,197.0,47,,1032.2743247248688,1,37742.0
321,Convenience,Residential,No,Medium,0.8,364.9,8,1,285.0,73,,1020.6264383434894,2,146696.0
322,Hypermarket,Residential,No,Small,4.8,102.8,3,0,310.0,78,,486.4133639423964,1,106898.0
323,Kiosk,CBD,No,Small,6.2,142.5,3,0,302.0,90,,947.9586646111951,0,87815.0
324,Supermarket,CBD,Yes,Medium,3.8,305.7,7,0,92.0,41,22.499837750808823,1146.5274705060824,0,182366.0
325,Convenience,Mall,No,Small,2.4,41.0,2,0,115.0,36,,1599.5597578478223,0,131410.0
326,Supermarket,Mall,No,Large,1.3,346.9,5,1,406.0,114,,790.7894885672999,0,407114.0
327,Supermarket,Residential,Yes,Medium,2.2,212.5,5,0,123.0,37,16.100657100500925,996.6726577106829,0,107446.0
328,Hypermarket,CBD,Yes,Small,4.0,60.3,1,1,150.0,54,23.783481600605946,1465.9095127001801,0,171908.0
329,Supermarket,CBD,No,Small,3.4,90.2,2,1,253.0,67,,781.4770253389366,1,133165.0
330,Hypermarket,Residential,Yes,Small,3.9,116.0,1,1,195.0,52,50.185915000520566,743.6437186070937,0,128230.0
331,Convenience,Residential,No,Medium,2.7,245.8,4,0,44.0,9,,1041.977827873896,1,96007.0
332,Convenience,CBD,No,Large,3.5,461.6,11,2,154.0,49,,424.1870790487269,1,102620.0
333,Convenience,Mall,Yes,Medium,6.2,231.9,5,1,364.0,107,58.71670440786452,408.4689578119485,0,113509.0
334,Hypermarket,CBD,Yes,Large,4.4,303.7,11,2,180.0,49,28.119463751183748,1050.617463879384,0,258435.0
335,Convenience,CBD,No,Small,8.2,157.8,5,2,293.0,73,,1110.5659098215285,0,91175.0
336,Convenience,CBD,No,Large,9.4,338.8,5,2,107.0,33,,446.57511956506994,0,94563.0
337,Hypermarket,CBD,Yes,Large,6.7,495.7,9,1,71.0,9,9.628820458148638,1203.9930180252272,1,221211.0
338,Supermarket,Street,No,Large,5.5,755.3,18,1,177.0,56,,1162.3764618488044,0,153391.0
339,Supermarket,CBD,No,Small,3.1,82.2,3,0,155.0,47,,1159.259085311966,0,104208.0
340,Hypermarket,Residential,Yes,Large,6.1,469.7,8,2,114.0,35,24.974129586942887,368.55573825321665,0,118036.0
341,Convenience,Residential,No,Medium,10.6,229.7,1,2,195.0,62,,158.2380406944044,2,107742.0
342,Supermarket,Street,Yes,Small,2.9,124.3,3,2,50.0,15,60.692352795215044,1154.1174946749506,0,70242.0
343,Supermarket,Street,No,Small,5.0,105.3,1,3,232.0,67,,698.8698179879901,0,83382.0
344,Convenience,CBD,No,Small,13.5,25.0,1,3,106.0,15,,798.6227651580091,0,51331.0
345,Kiosk,Mall,No,Medium,6.2,237.3,5,2,223.0,64,,699.9577321146489,0,209985.0
346,Supermarket,Street,No,Large,2.0,270.2,8,3,137.0,46,,1003.5829579066188,1,266519.0
347,Supermarket,CBD,No,Medium,11.1,205.5,4,0,31.0,11,,801.0809263569829,0,45799.0
348,Convenience,Residential,Yes,Medium,8.8,325.8,7,1,170.0,55,18.117433971263953,,0,151802.0
349,Convenience,Mall,No,Medium,4.7,435.6,9,1,193.0,45,,660.8271361178682,1,122251.0
350,Supermarket,CBD,No,Large,3.8,488.1,13,2,77.0,20,,580.9121771316155,1,133175.0
351,Convenience,Mall,No,Small,0.8,78.8,4,2,268.0,86,,988.6080878122042,3,138575.0
352,Supermarket,Mall,No,Small,15.4,104.6,1,1,284.0,87,,973.9613906503234,1,79396.0
353,Convenience,Street,No,Medium,9.4,340.2,8,5,259.0,72,,721.2374545136654,1,157567.0
354,Hypermarket,Residential,No,Medium,6.6,234.7,5,2,86.0,28,,597.1328905395405,0,116050.0
355,Convenience,Residential,No,Large,4.8,205.5,4,3,111.0,34,,764.1081109483569,0,115603.0
356,Kiosk,Street,Yes,Small,3.1,193.9,5,1,324.0,92,57.70877453249166,1449.2958901715685,1,105668.0
357,Kiosk,CBD,Yes,Small,7.2,90.3,1,4,134.0,43,66.01631312663504,615.4016685535848,0,55441.0
358,Supermarket,Residential,Yes,Small,8.8,25.0,1,1,139.0,36,15.012248284182123,553.817633291805,0,57357.0
359,Supermarket,Street,No,Medium,2.6,219.4,6,1,79.0,19,,1490.6742785769038,1,93512.0
360,Supermarket,Residential,Yes,Medium,1.7,193.4,6,1,26.0,7,35.70269656450756,672.9645066069972,1,81438.0
361,Hypermarket,CBD,Yes,Medium,4.2,218.8,3,1,144.0,41,16.578834424731845,1030.0361201712476,0,105529.0
362,Kiosk,CBD,Yes,Large,4.8,498.9,11,2,305.0,96,8.800979427445943,1869.1460757912532,1,295805.0
363,Hypermarket,Mall,Yes,Medium,15.2,442.3,8,1,191.0,53,4.969190211928128,1266.580430430919,0,337988.0
364,Hypermarket,Mall,Yes,Small,1.2,102.1,1,2,185.0,46,21.49137229908873,772.1149105090683,1,158329.0
365,Supermarket,Street,No,Large,7.8,434.2,10,2,379.0,105,,829.8709969553139,0,327021.0
366,Supermarket,Mall,No,Small,5.4,133.9,1,1,197.0,65,,778.4430697820602,1,109398.0
367,Convenience,CBD,No,Medium,7.5,252.1,7,0,296.0,68,,844.9583975628858,0,142098.0
368,Supermarket,Mall,No,Large,3.2,556.1,13,2,70.0,27,,890.4377895315779,0,226848.0
369,Hypermarket,Mall,Yes,Small,4.7,97.9,3,0,96.0,25,7.452482836265418,613.597132933417,3,104213.0
370,Convenience,Residential,Yes,Large,5.7,37.8,1,4,136.0,43,26.416414545231767,1139.861828145678,1,267135.0
371,Supermarket,CBD,No,Medium,13.3,172.1,4,3,263.0,80,,329.70419951145436,1,110446.0
372,Convenience,Street,No,Medium,0.5,278.5,7,2,42.0,8,,1184.232900100399,1,65067.0
373,Kiosk,Mall,No,Medium,1.7,130.7,1,2,117.0,35,,1016.0184811769482,0,91668.0
374,Hypermarket,Mall,Yes,Small,25.2,123.1,2,3,93.0,26,43.50901879734416,561.6515134780432,0,78352.0
375,Kiosk,Residential,Yes,Medium,6.2,301.5,8,1,403.0,107,14.025538932024528,809.4900442171493,0,81859.0
376,Kiosk,Mall,No,Small,9.6,184.9,7,3,214.0,53,,961.3897263863607,2,90358.0
377,Convenience,CBD,Yes,Medium,6.6,343.3,8,3,430.0,129,29.675352861158654,1308.6910914929774,2,190237.0
378,Supermarket,CBD,Yes,Small,3.8,172.3,3,3,76.0,29,21.238874540134734,1323.0350111478342,0,124799.0
379,Hypermarket,CBD,No,Large,6.8,258.1,3,1,124.0,40,,1558.907846345723,0,219724.0
380,Hypermarket,Mall,No,Small,3.2,50.7,3,0,136.0,36,,1318.7306854094045,0,139475.0
381,Kiosk,Street,No,Large,4.9,161.5,3,4,182.0,47,,657.455685089556,1,141110.0
382,Supermarket,Residential,No,Medium,8.0,202.2,5,1,168.0,65,,541.7944321553234,0,136677.0
383,Convenience,Residential,No,Large,5.3,351.6,9,2,60.0,15,,1055.8017198540676,2,110072.0
384,Supermarket,Residential,No,Medium,9.6,328.0,9,3,336.0,108,,859.1127806729718,0,213519.0
385,Supermarket,Residential,Yes,Medium,4.5,246.6,6,0,135.0,30,13.192531380941482,759.6515901128791,1,111033.0
386,Supermarket,Mall,Yes,Small,5.3,25.0,2,3,332.0,98,21.76477125053543,1415.215983123608,2,203536.0
387,Kiosk,CBD,No,Medium,3.2,192.6,2,1,244.0,87,,277.151548109166,1,121079.0
388,Supermarket,Street,No,Small,2.9,125.9,2,0,209.0,68,,495.0392708775537,0,75038.0
389,Hypermarket,Mall,No,Small,13.2,52.7,1,2,287.0,89,,651.342692081932,0,137728.0
390,Kiosk,Residential,Yes,Medium,7.9,168.8,4,3,70.0,28,19.018125211635322,2055.1697968490307,0,119054.0
391,Convenience,Street,No,Medium,1.1,292.4,7,1,278.0,105,,1563.9081579711155,0,158025.0
392,Convenience,CBD,Yes,Large,6.0,430.6,7,4,240.0,75,22.50511673361244,,0,423257.0
393,Convenience,Residential,No,Medium,2.3,304.4,5,2,333.0,85,,847.932851345777,1,173753.0
394,Hypermarket,CBD,No,Small,4.2,168.8,3,2,272.0,72,,778.5091992686797,4,214903.0
395,Convenience,Residential,Yes,Medium,7.3,145.2,4,0,193.0,61,24.17705135979619,271.85651132776763,0,44772.0
396,Supermarket,Street,Yes,Small,1.2,119.4,2,0,31.0,10,46.522386573891,1491.5417164577834,0,46719.0
397,Supermarket,Street,No,Small,5.3,114.8,2,2,38.0,13,,799.2384714673094,0,34950.0
398,Convenience,Street,No,Large,6.5,478.7,10,4,142.0,46,,256.3323554177723,0,173850.0
399,Hypermarket,Street,No,Small,8.5,92.5,3,0,35.0,14,,842.8974395342567,0,57969.0
400,Hypermarket,CBD,No,Small,2.1,167.2,5,1,178.0,55,,761.2693449984768,1,186972.0
401,Supermarket,CBD,No,Small,7.3,89.0,3,0,429.0,138,,760.969789189409,1,146387.0
402,Hypermarket,Residential,Yes,Medium,5.9,216.5,6,3,215.0,64,11.45427301947444,1548.0373934614472,1,294808.0
403,Convenience,Street,No,Large,10.8,489.2,13,5,124.0,39,,846.8293632414442,1,156405.0
404,Convenience,Mall,No,Medium,6.5,146.3,4,1,192.0,55,,1431.2583455380734,0,175280.0
405,Supermarket,Residential,No,Small,7.4,91.9,2,0,181.0,55,,620.6916547183191,1,71072.0
406,Hypermarket,CBD,Yes,Medium,5.1,341.5,10,1,216.0,81,14.54156785656815,1426.1260412316335,0,159620.0
407,Hypermarket,Residential,No,Medium,8.0,296.6,8,1,59.0,29,,1515.6287612334813,2,209933.0
408,Hypermarket,Residential,No,Medium,5.0,248.7,5,3,118.0,38,,761.6161031524798,0,169444.0
409,Supermarket,Mall,Yes,Small,2.9,89.2,1,5,28.0,12,31.21610100301531,1147.1839949732487,0,112690.0
410,Convenience,Residential,No,Medium,4.0,277.1,5,1,59.0,18,,1093.6508583718312,0,104574.0
411,Kiosk,CBD,Yes,Small,3.6,49.7,1,1,248.0,91,23.05223070116319,633.5563258609495,0,51645.0
412,Convenience,Residential,No,Small,7.2,162.0,1,1,231.0,85,,100.0,0,66602.0
413,Hypermarket,Street,No,Medium,9.8,197.3,4,2,121.0,45,,1047.0319805834997,0,1182001.0
414,Supermarket,Residential,No,Medium,4.1,248.3,7,2,46.0,22,,1358.1108189170025,1,146166.0
415,Kiosk,CBD,No,Medium,3.1,213.3,5,2,58.0,16,,917.2572489043118,1,67880.0
416,Kiosk,Residential,No,Medium,2.3,353.0,6,2,222.0,70,,963.3483015128014,1,82410.0
417,Kiosk,Residential,Yes,Small,6.3,140.8,4,3,152.0,47,63.339702321936116,1347.1182118117754,1,97034.0
418,Convenience,Residential,Yes,Medium,2.0,166.5,5,3,82.0,31,94.34352997333104,871.0524445173819,1,108756.0
419,Supermarket,Mall,Yes,Medium,6.7,154.6,3,2,156.0,57,33.57221573429854,310.9746929121243,1,138324.0
420,Supermarket,CBD,Yes,Small,6.6,114.1,1,0,282.0,92,4.118700390950989,627.8715201341952,1,133974.0
421,Convenience,Mall,No,Large,2.7,230.6,5,2,65.0,18,,777.6466587821167,0,158107.0
422,Convenience,CBD,No,Small,0.9,208.7,7,2,111.0,35,,1241.869686462941,0,94109.0
423,Supermarket,CBD,No,Large,14.1,257.0,6,1,243.0,78,,1202.8353793976416,1,288366.0
424,Supermarket,CBD,No,Medium,1.7,218.9,3,1,49.0,12,,516.3938603548467,2,53829.0
425,Kiosk,Mall,No,Large,5.8,204.5,2,4,111.0,35,,926.3903575107125,0,153784.0
426,Kiosk,Mall,Yes,Large,3.8,310.8,4,2,303.0,88,14.932558995462044,184.9564627137255,1,244753.0
427,Kiosk,Street,Yes,Small,8.6,160.0,5,1,91.0,22,13.334734006440236,833.2323117360903,1,52557.0
428,Supermarket,CBD,No,Medium,5.7,322.8,6,2,82.0,31,,870.1139558465172,0,127295.0
429,Convenience,Street,No,Small,11.8,126.5,4,1,245.0,77,,1252.1420464421913,0,71553.0
430,Kiosk,CBD,Yes,Small,5.6,98.0,3,4,205.0,56,52.48784072168008,878.060523524835,1,114625.0
431,Convenience,Residential,No,Small,2.8,184.7,4,3,26.0,5,,1145.3932210697021,0,62255.0
432,Supermarket,Residential,No,Medium,0.5,293.4,9,1,72.0,17,,915.2089728537114,1,87689.0
433,Supermarket,Mall,No,Medium,6.1,325.0,10,1,106.0,33,,1474.79956375616,0,225263.0
434,Kiosk,Mall,No,Large,8.0,320.8,7,1,78.0,20,,430.40033412254127,1,78395.0
435,Supermarket,Street,No,Small,10.1,123.9,5,2,281.0,75,,332.3518355831594,0,115430.0
436,Kiosk,CBD,Yes,Medium,9.2,300.9,8,1,148.0,41,14.916096260277218,746.033886680678,1,55857.0
437,Convenience,Residential,No,Large,11.0,230.1,5,0,310.0,100,,389.4747845451743,0,111049.0
438,Kiosk,Street,Yes,Small,3.7,104.6,3,1,56.0,16,22.846110166648664,429.52660502655226,0,30148.0
439,Supermarket,CBD,Yes,Small,1.7,124.1,1,2,76.0,28,21.174589336754536,740.2866397452204,1,87502.0
440,Supermarket,Mall,Yes,Medium,1.6,358.1,9,0,184.0,52,10.513304799066878,754.7748137496757,1,151399.0
441,Supermarket,Residential,Yes,Medium,19.0,121.3,3,0,121.0,37,30.573258675900437,970.1797629404257,0,76790.0
442,Hypermarket,Residential,No,Medium,2.1,288.8,7,4,436.0,108,,1101.9420019549307,2,285979.0
443,Convenience,Mall,No,Large,2.6,357.4,10,0,55.0,22,,1037.0989826818686,0,112808.0
444,Supermarket,Mall,Yes,Medium,5.2,262.5,5,3,138.0,39,24.67783593334104,1178.930658498313,0,195722.0
445,Kiosk,CBD,No,Medium,6.6,202.8,6,3,252.0,73,,984.25810080132,1,108527.0
446,Convenience,Mall,No,Medium,3.1,339.6,5,2,188.0,47,,1009.6015840467077,0,185989.0
447,Convenience,CBD,No,Medium,8.0,316.6,8,0,19.0,7,,1486.557285938959,1,100095.0
448,Convenience,Residential,Yes,Medium,3.5,298.5,8,1,130.0,34,35.906522721746626,343.93895277798697,0,83662.0
449,Supermarket,Street,Yes,Small,1.9,153.0,1,1,159.0,59,15.031778070399223,1052.2234297749796,1,96576.0
450,Kiosk,Mall,Yes,Medium,6.6,373.4,8,0,69.0,27,44.74765123758266,385.1938695337028,0,78650.0
451,Convenience,Mall,No,Small,6.5,161.1,3,1,445.0,121,,865.4194227339742,1,119658.0
452,Hypermarket,Mall,Yes,Medium,4.7,369.2,6,2,53.0,15,21.227961248155978,1498.7362706377953,1,154132.0
453,Supermarket,Street,No,Medium,1.0,154.6,3,1,301.0,111,,,0,132878.0
454,Hypermarket,Mall,Yes,Small,4.7,107.1,4,2,74.0,21,92.61444724461798,1493.5307028783102,1,110911.0
455,Kiosk,CBD,No,Small,5.5,104.3,2,3,209.0,57,,726.7020248249612,0,59403.0
456,Convenience,Residential,Yes,Medium,1.1,201.8,5,2,728.0,205,67.50017436534658,428.7023416500381,2,122869.0
457,Supermarket,Mall,No,Large,10.7,288.0,6,0,293.0,85,,1817.2560863769177,1,405016.0
458,Kiosk,Residential,No,Small,7.6,93.2,2,1,130.0,45,,982.6734224262053,0,29309.0
459,Supermarket,Mall,No,Large,7.8,53.1,3,1,153.0,47,,1203.143918611046,0,399575.0
460,Convenience,Mall,No,Large,1.1,625.4,12,3,213.0,69,,1505.088249384271,0,408801.0
461,Supermarket,CBD,No,Small,1.2,76.6,3,2,301.0,82,,1149.5406969251014,0,133871.0
462,Kiosk,Street,Yes,Medium,1.2,207.3,5,2,145.0,29,54.51923254321268,584.7745563506046,0,69131.0
463,Convenience,Street,Yes,Medium,8.0,281.3,7,1,113.0,33,22.334788280804684,711.3069628195766,0,91547.0
464,Kiosk,Residential,Yes,Small,4.6,101.4,1,2,651.0,202,36.5030495189987,1727.173591906329,1,136901.0
465,Supermarket,CBD,Yes,Medium,1.7,309.8,6,2,58.0,21,14.75155059083277,1364.631322837156,3,235690.0
466,Hypermarket,Mall,No,Medium,3.6,38.0,1,2,35.0,11,,1008.2107239144552,2,103899.0
467,Supermarket,Mall,No,Large,11.0,378.1,7,3,249.0,80,,1639.3306807543636,1,394292.0
468,Supermarket,Street,No,Medium,10.4,162.0,7,1,425.0,133,,447.33793031512187,1,154936.0
469,Convenience,Mall,No,Small,4.1,123.2,1,1,121.0,28,,1354.9925864209038,0,66558.0
470,Supermarket,Street,No,Small,7.6,96.3,6,2,182.0,59,,683.4199917141216,0,124853.0
471,Supermarket,Street,Yes,Medium,8.5,299.6,9,2,95.0,32,4.690060833799937,1196.9508354687496,0,94850.0
472,Supermarket,Street,No,Large,6.5,448.2,11,4,203.0,66,,877.6300492489592,0,168477.0
473,Convenience,Street,Yes,Small,4.9,25.0,1,1,213.0,61,10.132938144188595,1014.2132310155815,1,91749.0
474,Supermarket,Residential,Yes,Small,3.4,106.4,6,1,202.0,47,46.32491343391329,393.62641358204166,0,72337.0
475,Supermarket,Residential,No,Large,5.0,540.5,11,2,349.0,114,,885.6768657089013,0,411265.0
476,Kiosk,Street,Yes,Medium,4.9,137.7,5,1,212.0,67,32.59975729480269,998.2208937528849,0,117178.0
477,Convenience,Street,No,Medium,1.1,195.7,8,1,162.0,49,,918.2230174265288,1,69117.0
478,Convenience,CBD,Yes,Small,2.0,85.5,1,1,130.0,42,7.973711708897481,1705.6874351291406,0,101780.0
479,Convenience,CBD,Yes,Large,3.0,163.4,3,2,223.0,70,2.0044787971177316,1404.36843468344,0,172202.0
480,Hypermarket,CBD,No,Small,2.7,102.9,5,2,38.0,18,,918.4533680988878,0,104712.0
481,Convenience,CBD,No,Medium,9.2,328.4,7,2,539.0,146,,739.0481375531026,1,276789.0
482,Supermarket,Street,Yes,Large,6.4,93.8,2,0,510.0,172,23.14857382844109,1419.3341803992796,0,216187.0
483,Kiosk,Mall,No,Medium,9.3,350.8,8,3,196.0,62,,1319.7274723275248,3,214446.0
484,Kiosk,Street,No,Medium,3.2,177.6,7,3,141.0,51,,396.796981587676,2,56860.0
485,Supermarket,Street,No,Medium,9.8,412.3,13,2,109.0,20,,1521.6701557448207,0,98062.0
486,Convenience,Residential,Yes,Small,0.9,90.9,2,0,245.0,60,73.08400339097552,,0,82031.0
487,Kiosk,Street,No,Medium,10.9,97.7,1,0,301.0,77,,,0,71418.0
488,Kiosk,Residential,Yes,Medium,2.6,207.7,5,3,116.0,35,73.15939360731223,1167.900156108688,0,91896.0
489,Supermarket,Street,No,Medium,5.6,227.1,6,2,168.0,58,,1077.7447144728317,1,107154.0
490,Convenience,Street,No,Large,6.8,260.7,5,1,135.0,47,,778.472873747007,1,101740.0
491,Kiosk,Mall,Yes,Medium,12.4,172.4,6,1,82.0,25,49.4453084376387,1566.6009253918746,1,71040.0
492,Supermarket,CBD,Yes,Small,6.3,116.1,5,0,299.0,89,59.58227262645759,792.2553642542367,0,133253.0
493,Hypermarket,CBD,Yes,Small,6.0,138.6,6,1,53.0,11,23.595148744857905,884.2910076074869,1,52069.0
494,Convenience,CBD,No,Small,3.0,175.6,4,1,68.0,16,,712.6536356406473,0,84152.0
495,Supermarket,Mall,Yes,Medium,3.2,265.7,4,0,96.0,25,22.973165908595508,1037.641596436913,0,144795.0
496,Kiosk,Street,No,Small,2.0,157.8,4,3,50.0,15,,835.6821347449869,2,42767.0
497,Supermarket,Residential,No,Small,3.1,184.9,8,2,115.0,32,,730.1002166705464,1,109376.0
498,Convenience,Street,No,Medium,0.5,303.0,6,3,87.0,24,,1417.4309009348938,2,112353.0
499,Convenience,Residential,No,Small,4.7,126.9,1,0,184.0,61,,876.928195604084,0,85740.0
500,Convenience,CBD,Yes,Medium,2.0,318.0,6,1,264.0,55,36.54583735995774,1230.9785586887078,1,163072.0
501,Convenience,Mall,No,Small,3.8,130.5,1,5,274.0,87,,604.5851823333179,1,124355.0
502,Convenience,CBD,No,Small,3.6,172.9,2,0,302.0,91,,520.7019636977767,0,64566.0
503,Supermarket,Residential,Yes,Large,2.6,437.3,9,0,96.0,30,44.93994716367715,632.2632440194859,2,178167.0
504,Convenience,CBD,Yes,Small,2.3,52.1,1,0,65.0,13,37.60999762607612,643.2381320254412,0,36759.0
505,Kiosk,Street,No,Medium,2.9,263.5,5,1,152.0,46,,1298.638837229913,0,101082.0
506,Convenience,Residential,No,Small,4.4,154.2,4,2,384.0,122,,628.9365050889207,2,122866.0
507,Convenience,Residential,No,Small,2.8,128.7,3,2,339.0,84,,1254.264016145641,2,135744.0
508,Convenience,Street,No,Medium,2.2,251.0,6,1,201.0,66,,1062.9102775441224,0,135815.0
509,Convenience,Street,No,Medium,9.8,226.3,4,3,161.0,43,,1058.376546472649,2,107492.0
510,Supermarket,CBD,Yes,Medium,2.3,142.7,4,1,266.0,78,54.255518548809114,942.4365899014879,1,150166.0
511,Supermarket,CBD,No,Small,2.0,140.8,2,2,210.0,67,,945.525961172779,2,138315.0
512,Convenience,Street,Yes,Large,2.7,470.2,11,3,214.0,59,81.35801126442965,1456.021551860462,1,375276.0
513,Supermarket,Residential,No,Large,10.4,479.3,12,0,129.0,38,,856.9989219182468,0,177112.0
514,Kiosk,Residential,Yes,Medium,10.7,202.9,5,2,155.0,40,41.82356750809186,1733.6041497076849,1,135286.0
515,Convenience,Street,No,Large,2.4,197.0,2,2,154.0,37,,1074.7881809148355,1,173852.0
516,Kiosk,Mall,No,Medium,1.9,253.1,6,2,462.0,143,,1724.7023863759146,0,241094.0
517,Hypermarket,Mall,No,Small,4.1,82.2,2,3,112.0,39,,1348.4318125517602,0,308287.0
518,Supermarket,CBD,No,Small,8.1,103.5,1,3,228.0,68,,1051.8211038729348,2,192748.0
519,Hypermarket,Street,Yes,Medium,9.1,215.0,5,3,121.0,52,52.99723888364115,1291.3221905342334,0,157912.0
520,Kiosk,Mall,Yes,Small,3.2,142.1,5,2,132.0,39,48.236499459337296,925.7195408536131,1,98066.0
521,Supermarket,Residential,No,Large,3.8,431.6,9,0,108.0,34,,717.5820449466061,1,121837.0
522,Convenience,Street,Yes,Small,3.3,67.6,3,2,298.0,97,28.11410639488729,1332.957403992567,1,110325.0
523,Supermarket,Mall,No,Medium,6.8,391.1,11,1,156.0,47,,1105.3731310493206,1,131381.0
524,Kiosk,Residential,No,Small,1.8,114.4,2,4,372.0,109,,1218.1019306759724,1,145927.0
525,Supermarket,CBD,No,Small,3.3,79.5,3,0,211.0,57,,,0,114704.0
526,Supermarket,Residential,No,Small,2.7,179.3,3,0,156.0,48,,748.7978289132717,0,73809.0
527,Supermarket,Mall,No,Small,10.2,208.2,5,0,102.0,20,,103.05950703737005,3,69136.0
528,Supermarket,CBD,Yes,Small,4.4,177.8,6,3,190.0,57,42.86378347208462,824.8679928762615,0,93989.0
529,Hypermarket,Mall,Yes,Medium,3.6,86.8,3,0,284.0,84,9.891307573483747,1027.4663239418126,1,239988.0
530,Hypermarket,Mall,Yes,Medium,1.7,351.8,5,2,186.0,67,63.89501384789647,1414.1094664561801,0,344196.0
531,Supermarket,Mall,No,Small,1.9,116.0,5,1,172.0,55,,964.0250192444346,1,100434.0
532,Supermarket,Street,Yes,Medium,3.9,120.6,4,5,47.0,10,85.0267996175503,739.9386714623588,0,116005.0
533,Kiosk,Residential,Yes,Large,3.9,243.5,3,3,437.0,127,18.536740545298127,1386.8890861766702,1,208232.0
534,Convenience,Street,No,Small,3.9,25.0,1,3,265.0,73,,1669.1870970941563,0,146627.0
535,Hypermarket,Residential,No,Small,5.2,155.3,4,3,157.0,50,,962.1879036073177,1,175699.0
536,Supermarket,Mall,No,Medium,1.1,143.0,6,5,49.0,17,,926.8548958671242,0,209129.0
537,Convenience,CBD,No,Medium,7.8,368.4,9,2,234.0,61,,756.1931174810315,0,168688.0
538,Convenience,Street,No,Medium,3.7,304.9,9,2,138.0,39,,800.9764494033876,3,79617.0
539,Supermarket,Residential,No,Large,7.0,477.0,12,2,140.0,38,,369.0510916798844,0,238402.0
540,Kiosk,Residential,No,Medium,10.5,194.5,4,1,58.0,16,,860.361329902446,2,76513.0
541,Hypermarket,Street,Yes,Large,17.3,422.3,7,1,315.0,90,50.87528947397486,774.5838320942597,0,241144.0
542,Supermarket,Street,No,Medium,8.2,325.0,8,2,194.0,53,,795.9086802062534,0,161285.0
543,Kiosk,CBD,No,Small,2.6,88.9,1,0,155.0,44,,592.435618090932,1,54087.0
544,Convenience,Residential,Yes,Large,2.8,367.9,7,4,200.0,58,26.47756827223003,1443.9325898263842,0,255604.0
545,Convenience,Mall,No,Medium,2.5,402.7,8,1,81.0,15,,1364.6450606951853,0,118032.0
546,Kiosk,Mall,No,Small,8.7,160.0,5,5,215.0,44,,634.4657600913249,0,289561.0
547,Supermarket,Mall,No,Medium,9.1,343.0,9,2,18.0,9,,,0,80788.0
548,Hypermarket,Street,Yes,Small,8.6,74.1,5,0,43.0,14,14.499517272230143,1079.4328919125492,1,45580.0
549,Hypermarket,Mall,No,Medium,5.9,192.5,4,2,46.0,13,,1158.563524726817,1,186286.0
550,Supermarket,CBD,No,Small,7.7,98.0,1,1,184.0,47,,640.8934962900163,1,70286.0
551,Convenience,Mall,No,Medium,3.3,143.7,4,2,202.0,62,,100.0,0,141316.0
552,Supermarket,Mall,No,Medium,6.3,298.9,7,4,117.0,37,,,0,267124.0
553,Supermarket,Street,No,Small,15.6,25.0,1,2,145.0,51,,798.4227070706678,1,64759.0
554,Convenience,Residential,No,Small,14.3,99.9,1,0,163.0,33,,1003.2637729562522,0,53916.0
555,Supermarket,Mall,No,Medium,5.2,207.1,7,3,98.0,24,,1105.5611300045675,2,194604.0
556,Kiosk,Residential,No,Small,2.1,92.5,1,1,126.0,46,,863.1335026080358,1,61501.0
557,Supermarket,Mall,Yes,Small,3.1,144.8,3,1,99.0,20,58.35557886199713,453.0476978549304,0,82640.0
558,Convenience,Street,No,Large,15.7,566.1,13,1,58.0,21,,,0,62296.0
559,Supermarket,CBD,No,Medium,10.5,203.2,4,7,351.0,131,,848.9643256263748,1,455784.0
560,Hypermarket,Residential,Yes,Medium,3.2,218.1,7,1,189.0,70,12.095238926845768,409.5632431906995,2,121810.0
561,Supermarket,Street,No,Small,8.4,185.3,4,1,268.0,98,,983.0409114103393,0,88590.0
562,Supermarket,Mall,Yes,Medium,13.7,440.4,9,5,76.0,19,29.306644170188164,899.5992822969527,2,202186.0
563,Hypermarket,Residential,No,Medium,10.7,300.0,7,0,250.0,82,,759.0183230399734,0,126129.0
564,Convenience,Mall,No,Medium,7.6,393.2,10,0,78.0,25,,1104.7675849979364,0,152786.0
565,Convenience,Residential,No,Large,4.9,546.6,13,1,43.0,13,,645.4444540245233,0,98444.0
566,Convenience,CBD,No,Medium,0.7,174.8,4,1,133.0,47,,860.1057926994608,1,120476.0
567,Convenience,Street,Yes,Medium,4.8,249.4,3,4,14.0,4,22.32855759241606,1514.1397531049265,1,30589.0
568,Convenience,Residential,No,Medium,0.7,285.3,7,2,158.0,41,,1118.7638012228076,0,131628.0
569,Hypermarket,CBD,No,Medium,5.0,221.5,2,1,261.0,70,,806.6972456240499,1,245034.0
570,Kiosk,Residential,Yes,Small,4.5,113.4,1,0,111.0,29,13.120222097904275,846.1591703402823,1,29196.0
571,Convenience,Residential,No,Small,5.9,80.4,1,1,385.0,103,,933.1783046926525,0,68425.0
572,Supermarket,Residential,No,Large,3.9,452.2,14,1,147.0,42,,1034.4366032348391,0,214542.0
573,Convenience,Street,No,Small,3.3,115.0,2,3,350.0,89,,445.0279667924937,0,105660.0
574,Convenience,Mall,Yes,Medium,5.4,154.6,5,1,176.0,48,20.39006655181052,1031.569037278515,0,152619.0
575,Supermarket,Mall,Yes,Medium,15.6,210.7,4,2,190.0,61,32.525267591754556,823.0897974787085,1,184486.0
576,Kiosk,CBD,No,Small,8.4,75.3,4,2,150.0,44,,640.567833616864,0,72056.0
577,Kiosk,Street,No,Medium,1.2,270.6,2,2,160.0,34,,513.254072166574,1,63384.0
578,Convenience,Mall,No,Small,5.9,96.8,4,0,206.0,71,,1716.349585843981,2,110516.0
579,Convenience,Mall,No,Small,2.9,79.6,1,0,480.0,141,,567.2174530464201,0,81548.0
580,Supermarket,Street,No,Small,7.0,117.2,2,0,79.0,24,,583.4944383823633,0,45771.0
581,Convenience,Residential,No,Medium,4.0,313.6,7,3,153.0,51,,,0,246315.0
582,Supermarket,Residential,No,Small,4.6,96.6,1,3,442.0,122,,1180.0513492138502,0,159233.0
583,Hypermarket,Mall,Yes,Medium,5.8,109.0,1,0,319.0,103,48.114213027585244,501.95810388846314,0,93101.0
584,Hypermarket,Residential,No,Medium,3.9,294.1,5,0,379.0,105,,896.7517763442252,0,162335.0
585,Supermarket,Street,Yes,Large,12.3,536.3,11,0,160.0,61,56.90437606604957,1234.8425190698113,0,158734.0
586,Supermarket,Street,Yes,Medium,2.9,323.0,7,0,145.0,35,16.664417310066167,649.1772564295686,2,92082.0
587,Convenience,Street,No,Medium,13.3,241.8,7,2,153.0,45,,1305.1348969146022,2,125608.0
588,Supermarket,Mall,Yes,Medium,6.2,293.0,6,1,129.0,35,5.259715992720857,734.2751036556399,0,158913.0
589,Supermarket,Residential,No,Medium,10.2,112.2,3,0,209.0,44,,874.1353031603335,0,107670.0
590,Kiosk,Residential,No,Large,3.1,556.1,12,4,170.0,49,,773.4823360978395,2,194839.0
591,Convenience,Residential,No,Small,6.6,178.9,4,3,162.0,51,,1606.381323311965,0,84684.0
592,Convenience,Street,No,Large,10.1,351.8,8,1,184.0,63,,1190.917496259033,1,138830.0
593,Supermarket,Residential,No,Medium,4.5,317.7,7,1,202.0,54,,638.4152836948124,0,141231.0
594,Kiosk,Residential,Yes,Medium,4.9,305.3,8,2,134.0,41,11.195578547898833,1360.8512700549732,0,111309.0
595,Convenience,Street,No,Small,0.3,166.5,1,4,220.0,79,,933.9527468912596,1,105668.0
596,Kiosk,CBD,No,Small,5.7,143.7,3,2,61.0,21,,,0,47677.0
597,Kiosk,Residential,No,Large,7.5,40.4,1,1,112.0,27,,1212.1105895483388,0,72254.0
598,Convenience,CBD,Yes,Small,0.6,116.8,3,2,51.0,10,63.925134526556484,1218.0629053745765,0,57820.0
599,Supermarket,Mall,No,Medium,3.6,191.4,3,0,103.0,35,,1131.6922377201024,1,117368.0
600,Supermarket,Mall,No,Medium,7.7,348.0,10,1,79.0,24,,325.34635067962734,1,124658.0
601,Supermarket,CBD,No,Large,7.0,374.6,9,1,68.0,16,,853.2722104857019,1,141841.0
602,Supermarket,Mall,Yes,Medium,8.7,285.7,6,1,462.0,151,32.58028544792783,1073.681458932637,2,273500.0
603,Supermarket,Street,Yes,Large,3.6,340.9,6,1,258.0,75,47.53767586779368,962.4673141953227,2,273438.0
604,Convenience,Residential,No,Medium,2.3,182.0,4,1,340.0,103,,1074.8224163922955,0,146101.0
605,Supermarket,Residential,Yes,Large,2.7,531.3,14,0,327.0,98,68.6619973702423,1193.8143905718118,1,254280.0
606,Convenience,Street,No,Large,3.2,274.2,3,1,168.0,54,,415.82281988957664,2,87797.0
607,Kiosk,Mall,Yes,Medium,6.8,270.4,7,1,301.0,94,25.137642530637795,,1,121938.0
608,Supermarket,Mall,Yes,Small,1.5,62.6,2,0,169.0,54,21.90916822241271,357.9132849232782,0,155232.0
609,Convenience,Residential,No,Medium,5.4,273.8,5,2,222.0,69,,360.8994567956763,1,83919.0
610,Supermarket,Residential,No,Large,7.9,426.8,7,2,105.0,38,,691.4631148024987,1,159963.0
611,Convenience,Residential,Yes,Large,5.5,370.3,8,1,130.0,35,11.097778196543125,1113.2122185595897,2,128795.0
612,Supermarket,Mall,No,Large,3.8,369.8,9,1,240.0,67,,584.2236834556427,1,174962.0
613,Supermarket,Mall,Yes,Small,8.1,172.1,3,2,472.0,146,10.218826607870144,1185.071524878748,0,184487.0
614,Convenience,Street,No,Medium,1.3,400.8,6,2,139.0,34,,1866.5847544642165,0,101951.0
615,Supermarket,CBD,Yes,Medium,3.1,304.6,6,0,220.0,65,17.77968360351161,1059.3075624383414,0,112390.0
616,Convenience,Residential,Yes,Small,2.2,122.4,2,1,139.0,36,54.035492397249286,587.8817205813735,1,55123.0
617,Kiosk,Street,No,Large,4.8,471.1,11,1,201.0,72,,,0,107978.0
618,Hypermarket,Street,Yes,Medium,12.4,211.6,4,0,77.0,20,100.47597930877689,1006.748998949235,1,121141.0
619,Convenience,CBD,No,Medium,0.7,289.2,7,2,49.0,9,,1041.831465492465,0,312100.0
620,Supermarket,Residential,No,Small,18.0,125.2,1,2,172.0,60,,219.54824987544328,2,41940.0
621,Hypermarket,Residential,No,Large,4.6,264.6,9,2,49.0,10,,350.7014982053455,0,139356.0
622,Convenience,CBD,No,Medium,4.3,235.9,7,1,155.0,49,,1079.0995263994673,0,139660.0
623,Kiosk,CBD,Yes,Medium,8.8,357.1,9,2,293.0,95,6.3674568674147025,1567.1289061125688,0,110000.0
624,Convenience,Residential,No,Medium,5.5,137.8,2,1,120.0,53,,1114.407738619752,1,69492.0
625,Supermarket,CBD,No,Medium,13.9,337.6,7,2,505.0,122,,877.8356204447484,1,295926.0
626,Supermarket,Residential,Yes,Medium,6.6,199.9,4,1,257.0,75,11.073823661973933,1044.4808270752824,0,198101.0
627,Kiosk,Mall,Yes,Large,7.0,476.0,11,2,367.0,139,22.45402320889855,,0,169071.0
628,Convenience,CBD,No,Large,12.5,397.6,8,2,137.0,40,,,0,119632.0
629,Supermarket,Mall,Yes,Large,2.3,298.2,8,1,21.0,4,40.90866888021106,991.4460817447138,0,100752.0
630,Hypermarket,Mall,Yes,Medium,4.7,218.4,5,1,205.0,67,10.150785000793798,698.8138280209994,0,220944.0
631,Supermarket,Mall,No,Small,0.2,72.7,1,0,228.0,59,,1113.6326272675985,2,92113.0
632,Supermarket,Mall,No,Small,8.0,25.0,1,1,114.0,32,,1237.3435229461315,1,86687.0
633,Supermarket,Street,Yes,Small,3.6,135.1,2,2,257.0,91,29.1454727134158,1331.8753461410492,2,110154.0
634,Supermarket,CBD,No,Small,3.3,117.3,2,0,208.0,71,,800.1460948408767,1,87772.0
635,Supermarket,Residential,No,Small,4.4,79.3,2,3,180.0,56,,982.8427126503406,0,74254.0
636,Supermarket,Mall,No,Medium,2.5,222.4,6,0,73.0,22,,312.8754686572312,1,78464.0
637,Kiosk,CBD,No,Small,6.2,119.8,2,0,98.0,20,,216.19882706934504,0,41623.0
638,Supermarket,Street,Yes,Medium,4.5,276.6,4,1,192.0,62,14.099264137460768,533.4112794058422,0,133049.0
639,Supermarket,CBD,No,Medium,0.7,199.0,7,0,30.0,5,,,1,73613.0
640,Kiosk,Mall,Yes,Medium,4.8,192.3,5,0,169.0,47,33.11527439653363,567.5009217980944,1,136961.0
641,Supermarket,CBD,Yes,Small,1.9,143.0,5,1,370.0,101,57.93062217757469,1344.739623763912,0,141369.0
642,Kiosk,Residential,No,Large,4.5,160.2,5,4,106.0,26,,1325.1734927399173,1,194373.0
643,Kiosk,Residential,Yes,Medium,6.7,144.1,5,1,228.0,72,16.476339754869407,1705.0474958470238,0,149628.0
644,Hypermarket,Street,Yes,Small,0.7,86.2,3,1,116.0,32,18.067555084015623,,0,72439.0
645,Convenience,Residential,Yes,Small,2.2,109.2,3,3,307.0,83,54.234671762684556,,2,93294.0
646,Convenience,CBD,Yes,Large,11.8,251.8,3,0,199.0,62,54.965570425682465,1159.474487650444,0,176722.0
647,Kiosk,CBD,Yes,Medium,5.3,252.8,5,1,66.0,20,53.45459455773675,631.5589555406332,2,80898.0
648,Convenience,Residential,No,Medium,0.9,176.5,4,3,110.0,26,,892.0701125381704,1,93208.0
649,Supermarket,Street,No,Small,2.6,99.2,2,3,226.0,59,,798.4173265280698,0,138185.0
650,Hypermarket,Mall,Yes,Medium,1.3,157.4,6,1,148.0,43,48.67507943852621,851.9468892911525,1,144569.0
651,Supermarket,Mall,Yes,Small,13.4,73.5,1,1,445.0,145,21.35225433512448,592.8429334639196,0,85260.0
652,Hypermarket,CBD,Yes,Small,7.1,167.2,4,2,227.0,61,31.65115636961482,927.6494192244604,0,153084.0
653,Hypermarket,CBD,No,Medium,1.1,310.9,7,0,342.0,101,,951.2234721969601,1,226178.0
654,Hypermarket,Residential,No,Large,0.9,102.3,2,3,108.0,31,,839.7374627934116,0,166579.0
655,Kiosk,Mall,No,Medium,4.6,344.3,6,5,76.0,25,,1056.8489392911183,0,134406.0
656,Kiosk,Residential,No,Medium,9.7,163.8,2,3,479.0,155,,1029.0307082234601,0,186149.0
657,Hypermarket,Street,No,Small,1.4,111.8,3,2,159.0,34,,861.2138095510409,0,106299.0
658,Kiosk,Residential,No,Small,5.4,167.7,3,0,243.0,84,,1006.7792051961018,0,63895.0
659,Convenience,Street,No,Large,0.8,273.5,4,3,300.0,69,,1336.1699913843042,1,223062.0
660,Convenience,Mall,No,Medium,2.9,225.7,8,5,239.0,67,,1487.4330684041379,0,435844.0
661,Supermarket,Residential,No,Medium,2.1,217.4,6,2,249.0,69,,1111.922464173163,0,132609.0
662,Convenience,Street,Yes,Large,6.4,406.5,7,0,98.0,30,12.585789731841501,362.45470128647753,0,57181.0
663,Convenience,Street,Yes,Small,5.9,75.4,2,3,206.0,71,6.909220990554689,965.1921715490557,2,47946.0
664,Convenience,Mall,No,Large,9.7,436.0,10,2,150.0,51,,1375.9784753898248,1,214290.0
665,Hypermarket,Residential,No,Medium,8.2,185.5,3,2,287.0,79,,773.8163988191538,0,156545.0
666,Supermarket,Street,No,Small,7.7,97.2,2,0,205.0,50,,267.0468427762369,0,70046.0
667,Hypermarket,CBD,No,Large,6.8,375.6,8,1,81.0,28,,1189.371419619035,1,170401.0
668,Supermarket,Street,Yes,Small,5.2,137.7,2,1,344.0,110,11.155522070214545,,0,115688.0
669,Supermarket,Residential,No,Medium,2.4,309.2,7,0,188.0,44,,404.7952320480134,2,108600.0
670,Convenience,Street,Yes,Medium,4.0,244.5,4,2,212.0,78,22.77243463206857,529.1467692519154,0,156083.0
671,Supermarket,Mall,Yes,Medium,11.7,295.7,7,3,129.0,31,20.329998347090395,960.1893559804753,0,175720.0
672,Convenience,Mall,No,Medium,2.1,196.9,5,0,175.0,67,,799.2373357150148,1,168560.0
673,Supermarket,Mall,No,Small,8.5,123.5,4,1,137.0,44,,526.5309508132817,1,127572.0
674,Supermarket,Street,No,Small,7.7,199.4,4,1,476.0,137,,806.9358408112855,1,99647.0
675,Convenience,Street,No,Small,9.7,165.0,3,2,223.0,60,,720.9112938709288,0,105092.0
676,Supermarket,CBD,Yes,Medium,6.5,417.8,9,0,162.0,59,13.87855108627954,1430.3245978604195,0,88685.0
677,Hypermarket,Mall,No,Medium,1.2,215.9,4,0,441.0,121,,611.8562749665655,1,216162.0
678,Convenience,Street,No,Large,1.2,287.6,8,3,226.0,63,,653.3977616537982,1,131779.0
679,Kiosk,Mall,Yes,Large,0.6,295.8,5,1,135.0,31,18.064333103888227,1210.985047177091,0,136936.0
680,Supermarket,CBD,Yes,Small,1.3,143.5,1,2,305.0,72,17.047129767508903,1198.6010512708995,1,129077.0
681,Convenience,Street,No,Large,2.2,412.8,9,0,261.0,78,,793.7992646929507,3,167247.0
682,Hypermarket,Mall,Yes,Medium,9.3,271.0,8,1,416.0,143,18.08170507032513,884.1850325582423,0,323941.0
683,Convenience,Mall,No,Large,16.0,344.3,8,2,129.0,37,,1124.0455046435827,0,158764.0
684,Supermarket,Mall,No,Small,6.9,150.5,5,3,379.0,116,,536.9884342580906,0,148207.0
685,Convenience,Street,No,Large,10.5,449.7,9,1,57.0,11,,1090.1419113478578,0,123673.0
686,Supermarket,Residential,Yes,Medium,3.5,339.2,9,4,42.0,10,13.25775956148558,1027.686273480377,1,161196.0
687,Hypermarket,Street,No,Small,7.2,208.2,4,1,92.0,30,,1284.229554277837,1,65688.0
688,Supermarket,Residential,Yes,Small,6.2,34.8,1,1,67.0,7,52.04912729469697,1032.7591634022083,0,49363.0
689,Supermarket,Residential,No,Large,2.7,245.4,6,1,209.0,75,,1264.3416720799157,0,251207.0
690,Convenience,Street,No,Large,1.7,428.5,10,2,232.0,76,,1285.3564956929697,0,205323.0
691,Convenience,CBD,No,Medium,2.4,354.7,6,1,148.0,56,,1243.4926436709056,0,106485.0
692,Hypermarket,CBD,No,Small,2.4,127.9,4,0,162.0,49,,487.63063974165124,0,112693.0
693,Convenience,Residential,Yes,Large,2.5,370.5,8,2,108.0,31,40.72189129488754,893.8426602988382,0,135435.0
694,Hypermarket,CBD,Yes,Small,4.4,137.3,2,1,129.0,44,50.05394091697142,987.2764621467153,2,138188.0
695,Hypermarket,Residential,No,Small,6.3,125.9,4,1,118.0,41,,1278.5153595971913,0,119094.0
696,Kiosk,Residential,No,Large,8.1,429.9,12,3,226.0,71,,913.71363833599,0,136487.0
697,Hypermarket,Residential,Yes,Small,11.8,87.1,2,1,194.0,46,15.383171667315791,987.3039577593381,0,108043.0
698,Supermarket,Mall,Yes,Small,0.4,117.1,2,2,199.0,63,43.729870981335516,792.1484506732382,0,84752.0
699,Convenience,Residential,Yes,Small,3.3,71.1,6,0,324.0,83,15.829810745253393,941.0414244750923,0,58284.0
700,Kiosk,CBD,No,Small,14.6,119.3,4,2,217.0,68,,1037.90899990623,2,73855.0
701,Supermarket,Mall,Yes,Small,4.1,117.7,5,0,153.0,56,10.116487675794858,977.9217107560606,1,136034.0
702,Convenience,CBD,No,Small,11.4,135.0,2,1,116.0,23,,816.660866837679,0,32161.0
703,Supermarket,Street,Yes,Small,15.1,135.8,1,1,202.0,59,26.949969166007122,649.449950472077,1,51475.0
704,Convenience,CBD,No,Small,8.1,130.8,5,2,197.0,59,,695.1596087998327,1,110191.0
705,Supermarket,Mall,No,Small,3.3,126.2,1,1,187.0,49,,1521.1836125001346,1,202799.0
706,Supermarket,Mall,No,Medium,1.5,229.6,4,0,121.0,41,,1014.7223492965462,0,152009.0
707,Supermarket,Residential,No,Medium,4.5,339.1,8,3,56.0,20,,1058.4570104026777,0,175034.0
708,Convenience,Street,No,Medium,1.1,305.6,8,1,64.0,16,,868.0149333263487,1,53260.0
709,Convenience,Residential,Yes,Large,2.8,299.7,9,1,110.0,35,31.271225325066837,628.9516117454991,1,124505.0
710,Convenience,Street,No,Medium,4.0,281.2,5,2,151.0,45,,486.22340857266147,0,67444.0
711,Convenience,CBD,No,Medium,13.0,244.3,3,2,128.0,41,,580.551329760407,1,82708.0
712,Supermarket,Street,No,Medium,0.9,187.4,2,3,218.0,65,,902.6237935016295,0,228160.0
713,Convenience,Residential,No,Small,5.2,123.5,1,0,93.0,28,,340.76071942246256,0,54095.0
714,Convenience,Street,Yes,Medium,5.4,353.7,6,1,267.0,72,6.052020985498436,,0,128998.0
715,Convenience,CBD,Yes,Small,4.7,187.4,3,5,153.0,50,26.167526322774243,983.6566135243962,0,111973.0
716,Kiosk,CBD,No,Medium,16.7,219.8,2,2,92.0,28,,1110.8351709322187,0,78039.0
717,Convenience,CBD,No,Small,2.1,147.4,5,1,335.0,93,,310.2511433154667,1,128218.0
718,Hypermarket,CBD,No,Medium,6.5,173.7,2,0,72.0,25,,817.8785115042076,0,102504.0
719,Convenience,Mall,No,Small,10.3,54.9,1,0,56.0,14,,1514.2339116958647,0,68261.0
720,Convenience,Residential,No,Medium,9.9,394.8,8,2,209.0,50,,1609.8300602828372,0,200752.0
721,Convenience,Residential,No,Large,7.5,292.9,3,2,189.0,58,,824.5262256816253,1,151790.0
722,Supermarket,Residential,No,Small,5.5,163.9,1,2,127.0,29,,751.2052702144529,0,79877.0
723,Kiosk,Mall,No,Medium,6.1,309.5,9,4,168.0,46,,1174.5615968442637,0,259638.0
724,Kiosk,Street,No,Medium,7.3,266.4,6,4,116.0,42,,1180.3677520612237,1,117113.0
725,Hypermarket,CBD,No,Small,6.4,149.0,4,1,79.0,31,,1230.2448548278435,1,148680.0
726,Convenience,Street,No,Medium,4.8,247.6,5,0,96.0,26,,,2,64086.0
727,Convenience,Mall,No,Medium,3.8,230.5,5,1,192.0,56,,2079.311270529605,1,181508.0
728,Supermarket,Residential,No,Medium,3.6,323.7,7,5,181.0,50,,824.7426119908025,0,301878.0
729,Convenience,Residential,Yes,Large,5.2,511.3,11,1,426.0,126,58.698388099784076,891.172316351688,0,265822.0
730,Hypermarket,Mall,Yes,Small,2.4,77.0,2,1,331.0,75,60.97543202042569,743.7089660792379,0,139305.0
731,Convenience,CBD,Yes,Small,7.0,26.5,2,4,106.0,36,7.644369474830518,1579.9161484246865,2,99351.0
732,Convenience,CBD,No,Large,1.2,336.2,7,0,276.0,89,,1150.9016687777175,0,245321.0
733,Hypermarket,Street,Yes,Medium,9.4,373.7,8,3,67.0,22,32.88413733426192,785.4185132766245,1,117253.0
734,Supermarket,Residential,Yes,Small,6.1,96.2,1,2,166.0,62,27.456756835872383,1056.5149990676214,1,121390.0
735,Supermarket,Street,No,Large,4.4,257.6,6,1,237.0,84,,1220.1465094957098,0,158311.0
736,Convenience,Residential,No,Small,9.8,48.4,4,3,45.0,9,,895.3639583948205,0,53850.0
737,Hypermarket,Mall,Yes,Medium,0.5,211.5,4,0,144.0,61,19.089050213989978,423.8666066873908,2,145281.0
738,Convenience,CBD,No,Medium,6.4,186.0,7,0,127.0,41,,938.422398346125,1,134620.0
739,Convenience,Mall,No,Small,1.8,127.2,2,3,131.0,35,,1445.9111018661954,1,99597.0
740,Supermarket,Street,No,Small,6.4,176.0,4,0,302.0,84,,600.0811258541523,1,110437.0
741,Kiosk,Mall,No,Large,0.3,485.1,10,3,143.0,42,,757.9611833699263,0,254809.0
742,Hypermarket,Street,No,Medium,6.1,294.5,9,4,170.0,50,,1358.3411537597276,0,217220.0
743,Hypermarket,Street,Yes,Small,6.8,158.0,3,1,33.0,14,35.27557899759658,916.6475079739973,0,43089.0
744,Supermarket,Street,Yes,Small,24.9,136.6,3,2,78.0,25,15.819143643699249,936.9781021425022,1,38236.0
745,Convenience,Residential,No,Small,8.9,107.6,4,1,77.0,20,,1417.7107024782522,1,76203.0
746,Kiosk,Residential,No,Large,4.2,391.6,9,1,171.0,50,,1017.5317904662138,1,118054.0
747,Kiosk,Street,No,Large,3.2,251.6,4,3,98.0,31,,1011.9199083192419,0,118498.0
748,Convenience,Residential,Yes,Large,6.5,393.3,7,1,197.0,70,7.031369381563551,739.7733532436995,3,107414.0
749,Supermarket,Mall,No,Small,2.8,80.8,1,0,150.0,34,,1734.4004770354873,0,186305.0
750,Supermarket,CBD,No,Small,12.0,76.4,1,1,97.0,24,,890.3373767705915,0,50400.0
751,Kiosk,CBD,Yes,Medium,3.2,133.3,3,1,74.0,22,21.487898784434957,750.3160660909999,0,67028.0
752,Hypermarket,Residential,No,Medium,4.4,122.1,4,1,139.0,53,,738.7804766778689,0,90591.0
753,Supermarket,Street,Yes,Small,2.6,127.6,2,0,69.0,26,61.01832934321581,1414.4628026165747,1,45074.0
754,Supermarket,Residential,No,Small,1.3,223.8,2,1,189.0,59,,723.90235083553,0,92260.0
755,Convenience,CBD,Yes,Small,4.7,81.0,1,1,193.0,68,26.92009270011062,717.4183674738448,1,91962.0
756,Supermarket,Mall,Yes,Small,2.5,94.2,5,1,77.0,24,13.647074937907513,370.8642842180873,0,63317.0
757,Convenience,Residential,No,Small,3.5,137.0,4,3,57.0,13,,1402.6981433513815,1,82490.0
758,Hypermarket,Street,No,Small,4.4,168.9,2,2,77.0,22,,347.84693142254685,2,58972.0
759,Kiosk,Residential,Yes,Medium,5.6,194.4,2,1,156.0,55,50.40987830701905,1433.7966406943729,1,95266.0
760,Convenience,Residential,No,Medium,4.3,230.5,6,0,303.0,88,,1413.0965374446666,1,121472.0
761,Supermarket,Street,No,Large,5.8,333.2,7,0,169.0,62,,611.868401523381,1,154363.0
762,Supermarket,Mall,No,Small,4.8,114.0,3,1,157.0,42,,864.1578169510608,0,78091.0
763,Convenience,Street,No,Small,11.6,131.0,3,2,17.0,7,,991.8170916402469,1,47556.0
764,Supermarket,Mall,Yes,Large,6.2,227.2,3,2,173.0,47,36.49702938404837,809.6669525800393,0,265427.0
765,Convenience,Street,Yes,Medium,2.4,194.2,4,2,252.0,66,58.31492919257361,968.2287497462432,0,101039.0
766,Kiosk,Street,No,Large,4.2,387.4,9,2,226.0,58,,1052.6430266496986,2,161257.0
767,Supermarket,CBD,No,Small,4.5,123.5,1,1,246.0,70,,286.5301243902022,0,82554.0
768,Convenience,CBD,No,Medium,1.5,171.7,3,2,229.0,62,,,1,122161.0
769,Supermarket,Street,Yes,Small,0.3,119.9,3,1,103.0,35,21.023984369980056,,1,59770.0
770,Convenience,Street,No,Medium,2.5,182.1,5,4,237.0,66,,669.5112466687794,0,146649.0
771,Hypermarket,Residential,No,Small,12.7,182.3,5,2,211.0,74,,1065.3353831311047,0,135320.0
772,Supermarket,CBD,Yes,Small,2.5,108.7,4,1,161.0,48,13.61048010251694,1088.4104085983865,0,86955.0
773,Convenience,Street,Yes,Large,1.6,446.1,9,3,155.0,48,71.3551850042567,1071.6308690864116,1,132709.0
774,Kiosk,CBD,No,Medium,8.9,184.0,5,3,221.0,61,,1269.2981817255748,0,134243.0
775,Kiosk,Mall,No,Small,11.7,116.4,4,2,158.0,55,,850.5874019673412,0,96491.0
776,Supermarket,Street,No,Small,12.7,123.8,3,0,32.0,7,,986.9363002699802,1,29521.0
777,Convenience,CBD,No,Large,6.8,340.6,8,1,94.0,21,,389.65040534075354,0,110887.0
778,Convenience,Street,No,Small,21.1,185.0,4,1,178.0,63,,593.6030227715299,1,39066.0
779,Convenience,Mall,No,Medium,1.4,158.2,3,2,119.0,37,,1473.692555901003,0,152904.0
780,Kiosk,Street,Yes,Medium,10.2,354.8,6,1,210.0,78,41.01819135132688,1096.3052069302817,3,68936.0
781,Hypermarket,Residential,Yes,Medium,2.9,341.0,8,3,175.0,64,76.93355023933226,898.2926869036646,0,150370.0
782,Hypermarket,Residential,No,Large,3.1,260.0,6,2,137.0,42,,1347.256089620327,1,280218.0
783,Supermarket,CBD,No,Medium,5.6,173.9,4,4,272.0,69,,,0,184767.0
784,Kiosk,Mall,No,Large,4.9,319.5,7,2,164.0,36,,1315.8022206205392,1,170467.0
785,Supermarket,Street,Yes,Medium,3.9,311.5,7,2,157.0,48,9.306766796376886,1240.5118087769629,0,174464.0
786,Convenience,Street,No,Medium,4.6,145.9,3,1,163.0,51,,983.6637729465792,0,92085.0
787,Supermarket,Residential,No,Medium,1.0,196.9,4,2,110.0,21,,677.0956485174188,0,184354.0
788,Hypermarket,Residential,No,Medium,2.7,260.5,6,2,143.0,41,,1004.9010489425139,0,132418.0
789,Supermarket,CBD,Yes,Small,7.1,116.6,1,2,303.0,76,25.416881540532216,1462.1707915462148,1,192816.0
790,Supermarket,Street,No,Large,2.7,440.5,11,2,79.0,21,,1242.2187464182782,0,149598.0
791,Hypermarket,CBD,No,Small,9.9,122.9,3,0,65.0,20,,763.6452355601375,1,61154.0
792,Supermarket,Residential,Yes,Large,17.2,437.4,8,2,215.0,66,16.170859146944004,,1,142110.0
793,Supermarket,CBD,No,Medium,10.9,333.0,8,1,260.0,64,,403.91737382159465,0,73887.0
794,Convenience,CBD,No,Medium,0.4,253.5,6,2,317.0,89,,1181.8048469189275,1,237534.0
795,Convenience,Residential,Yes,Medium,7.3,259.7,7,2,156.0,39,66.49443380285236,1013.933286262027,2,98971.0
796,Convenience,Residential,No,Medium,14.3,163.8,5,3,121.0,32,,526.8267895916586,1,78646.0
797,Supermarket,Street,No,Small,2.9,96.3,3,1,280.0,88,,543.4693610792674,0,119932.0
798,Kiosk,Mall,No,Small,4.4,102.8,4,1,58.0,17,,927.7718061019982,0,62441.0
799,Hypermarket,Street,No,Medium,3.8,62.0,3,2,234.0,64,,453.35806812329764,1,173547.0
800,Convenience,Mall,No,Small,3.6,108.7,4,0,113.0,34,,100.0,2,56516.0
801,Supermarket,CBD,Yes,Small,3.4,88.5,1,1,79.0,27,16.794389044781017,1314.7266945328481,1,74373.0
802,Kiosk,Street,No,Medium,1.4,99.5,3,1,130.0,32,,1633.9130824812619,0,93343.0
803,Hypermarket,Mall,Yes,Medium,3.7,321.9,8,1,265.0,73,26.29171039501219,925.9734654988692,1,173123.0
804,Supermarket,CBD,No,Medium,1.2,289.8,5,0,82.0,19,,,0,83482.0
805,Convenience,Street,No,Small,4.5,105.4,5,2,507.0,152,,1408.1508711847196,0,127318.0
806,Kiosk,Mall,No,Small,17.4,65.1,1,1,54.0,15,,947.7456026923902,2,32986.0
807,Kiosk,CBD,No,Large,2.4,215.3,6,0,224.0,79,,1028.1210556259794,0,130099.0
808,Supermarket,Residential,No,Large,10.3,451.9,10,3,151.0,43,,994.4970103592057,0,261000.0
809,Kiosk,Mall,Yes,Large,9.6,562.3,11,0,144.0,36,33.42983795879635,1333.1122126274606,0,631003.0
810,Hypermarket,Street,Yes,Medium,0.7,373.5,8,0,38.0,16,26.853058217578766,826.5819226943404,0,68397.0
811,Supermarket,Street,No,Small,2.3,113.3,1,2,168.0,38,,633.8697860438153,0,60998.0
812,Convenience,Street,Yes,Small,2.0,135.9,2,2,81.0,22,24.45264786143769,1659.1711269341336,0,67279.0
813,Convenience,Mall,No,Small,7.5,101.8,5,2,181.0,67,,1089.0045752352353,1,100117.0
814,Supermarket,Residential,No,Medium,12.5,275.3,3,0,67.0,10,,1126.784114364411,0,59616.0
815,Convenience,Mall,Yes,Small,3.4,106.4,3,3,202.0,59,10.509050255981109,1571.6149919277545,0,225364.0
816,Supermarket,Residential,No,Medium,2.8,91.2,1,1,185.0,58,,909.8519283553045,1,166352.0
817,Supermarket,Street,Yes,Large,7.7,151.5,2,2,409.0,119,19.33775682737956,796.616219832012,2,214574.0
818,Kiosk,Mall,No,Small,17.8,131.3,2,0,90.0,26,,1190.7692689142987,1,36568.0
819,Hypermarket,Residential,No,Large,1.3,262.9,7,0,110.0,38,,926.4849576348579,1,188503.0
820,Supermarket,Residential,Yes,Large,10.8,509.3,11,2,258.0,70,40.13369613038779,1058.7542518355876,1,302517.0
821,Kiosk,Residential,No,Large,5.0,299.0,5,1,124.0,31,,748.7439228124,2,58559.0
822,Supermarket,Street,No,Small,9.1,194.1,8,0,301.0,93,,831.7898725684573,0,80967.0
823,Convenience,Street,Yes,Medium,6.7,414.2,9,1,325.0,85,30.893346570627692,894.4244635655596,0,122809.0
824,Convenience,CBD,No,Small,7.3,117.3,5,1,149.0,47,,1357.3050578418452,0,53163.0
825,Convenience,Mall,No,Medium,7.0,145.6,4,2,140.0,35,,1107.9356712491074,0,173433.0
826,Hypermarket,CBD,Yes,Large,13.2,506.7,13,1,120.0,40,10.21881902121235,1003.0637780319386,0,265019.0
827,Kiosk,CBD,No,Small,4.0,127.2,3,4,158.0,52,,481.55241620073554,1,66462.0
828,Supermarket,Mall,No,Small,3.5,132.8,2,2,176.0,61,,717.84844404265,1,128144.0
829,Kiosk,Residential,No,Medium,17.7,339.9,6,2,138.0,48,,1944.8855515956516,0,131640.0
830,Supermarket,Street,Yes,Small,0.8,70.3,4,3,302.0,98,20.590560004446434,1233.375085921862,0,126716.0
831,Convenience,Street,No,Small,4.4,142.9,2,1,74.0,26,,1548.8948279568904,1,95122.0
832,Hypermarket,CBD,No,Large,3.7,335.5,8,2,48.0,12,,734.2199838515563,0,170163.0
833,Supermarket,Residential,No,Large,2.9,287.3,6,1,428.0,102,,471.52876981186955,1,220035.0
834,Supermarket,Street,No,Medium,2.5,279.9,7,1,60.0,22,,1586.9502599866319,0,155525.0
835,Convenience,Street,Yes,Small,3.2,93.3,7,2,69.0,16,29.111024613729658,524.4919536612189,0,44038.0
836,Kiosk,Residential,Yes,Medium,4.6,148.4,3,1,222.0,72,58.255492122688246,1099.1941729072566,1,103911.0
837,Kiosk,Street,No,Medium,8.6,133.8,4,1,181.0,48,,1395.3777177563516,0,76109.0
838,Hypermarket,Residential,Yes,Medium,6.5,268.4,5,1,103.0,29,20.9960781299221,697.6802952093055,0,113032.0
839,Supermarket,Residential,Yes,Medium,5.0,125.4,1,2,423.0,109,33.74487546408263,1079.5208682602704,0,153665.0
840,Supermarket,Mall,No,Medium,6.8,188.6,5,0,147.0,52,,1111.681235867819,0,161422.0
841,Supermarket,CBD,No,Medium,5.1,235.4,3,1,178.0,62,,852.1079617169381,2,100010.0
842,Convenience,Mall,Yes,Large,3.0,193.1,3,2,209.0,59,29.87444384903997,342.0176875464706,2,160008.0
843,Supermarket,Residential,Yes,Medium,12.0,152.0,3,2,183.0,59,14.326727555621392,991.4232017720658,0,140415.0
844,Kiosk,Mall,Yes,Medium,3.0,257.6,7,1,246.0,77,37.349966447234344,876.451691719472,0,85372.0
845,Supermarket,Residential,Yes,Large,4.8,407.9,8,1,180.0,46,32.83699931469114,116.49468196066266,1,220632.0
846,Convenience,Street,Yes,Large,12.8,303.6,8,2,265.0,75,30.416167789201445,1027.5085821438727,0,236928.0
847,Supermarket,Residential,No,Large,8.9,372.1,6,0,89.0,15,,,1,97494.0
848,Convenience,Mall,No,Large,3.3,423.8,9,2,158.0,46,,1124.9882290222376,1,210275.0
849,Supermarket,Residential,No,Small,10.3,54.4,2,3,316.0,78,,1129.2366559310728,0,211031.0
850,Supermarket,Mall,Yes,Medium,2.2,267.1,4,4,589.0,178,50.2724792370846,745.8806112033977,0,374077.0
851,Supermarket,Mall,No,Medium,4.1,302.9,7,1,56.0,14,,1113.6328180903472,0,124010.0
852,Hypermarket,CBD,Yes,Small,3.7,81.4,1,1,241.0,53,19.307630586324056,591.9717360771655,1,119210.0
853,Hypermarket,Residential,Yes,Small,3.9,81.1,1,1,123.0,34,46.82889857589931,1607.0641743627007,0,100121.0
854,Supermarket,Residential,No,Medium,2.6,159.1,2,1,303.0,117,,1215.0252294265542,1,94538.0
855,Kiosk,CBD,Yes,Medium,14.4,278.3,4,1,567.0,175,3.5413600828481475,1100.2939075211084,0,174205.0
856,Convenience,Residential,No,Small,1.5,83.1,4,2,177.0,52,,1511.0340997298586,0,116028.0
857,Kiosk,Street,No,Large,1.7,370.3,8,1,47.0,12,,1165.0112845672215,0,56279.0
858,Kiosk,Street,No,Large,3.8,358.6,5,3,92.0,23,,690.7768296173404,0,71189.0
859,Convenience,Street,Yes,Small,1.9,117.7,2,1,227.0,71,26.05820644517865,546.8699320301444,1,40899.0
860,Hypermarket,Mall,No,Small,0.3,120.1,4,2,124.0,46,,631.4869585724841,1,118107.0
861,Supermarket,Street,Yes,Large,7.2,351.4,11,1,286.0,87,27.86441135565302,728.8905067116414,0,211472.0
862,Supermarket,Mall,Yes,Small,9.9,147.0,4,1,170.0,56,35.81009536521415,299.381114353184,1,79196.0
863,Hypermarket,Residential,No,Medium,5.0,203.3,5,1,107.0,32,,810.2449140985743,1,119375.0
864,Hypermarket,Street,No,Small,1.3,120.1,4,0,41.0,16,,1006.305736996608,1,54624.0
865,Hypermarket,Street,No,Medium,3.1,216.5,3,2,127.0,42,,1404.6118451142763,1,134073.0
866,Hypermarket,Street,Yes,Medium,5.1,123.9,5,0,300.0,90,102.86337983387646,816.5560212093169,0,195872.0
867,Kiosk,Residential,Yes,Medium,5.8,407.9,10,0,288.0,95,31.260417173347427,707.1497065531127,2,80469.0
868,Kiosk,Mall,No,Medium,7.7,245.4,3,2,127.0,44,,1124.4584012343296,1,133293.0
869,Hypermarket,Mall,No,Large,8.8,423.5,10,2,151.0,48,,634.2601235615209,0,201491.0
870,Kiosk,Street,No,Medium,8.1,365.3,10,2,76.0,26,,730.9061251976414,0,49092.0
871,Hypermarket,Mall,No,Large,1.7,193.4,3,3,140.0,39,,744.0742405303272,0,278919.0
872,Convenience,CBD,No,Small,7.8,89.8,1,1,374.0,116,,1551.6757628376195,0,131643.0
873,Kiosk,Street,Yes,Medium,1.3,235.3,5,1,168.0,54,9.162956321199433,1325.5637396132495,1,83867.0
874,Convenience,CBD,Yes,Large,8.4,389.9,9,1,67.0,20,22.012866810449978,872.71769196606,1,86347.0
875,Kiosk,Mall,No,Small,0.6,145.1,2,0,167.0,44,,1266.7576704751373,0,32353.0
876,Supermarket,Mall,No,Large,4.0,428.9,8,0,292.0,78,,884.768939822172,1,284039.0
877,Kiosk,CBD,No,Medium,6.1,380.8,9,1,61.0,12,,1445.4802100972224,0,79237.0
878,Supermarket,Mall,No,Small,4.6,115.6,3,0,109.0,31,,1032.2739644654432,2,78733.0
879,Supermarket,Street,No,Medium,2.3,209.2,5,1,415.0,108,,1171.0134953768738,2,147615.0
880,Supermarket,CBD,Yes,Large,9.4,321.0,8,2,96.0,23,19.188413447361004,765.3200786655225,1,225836.0
881,Convenience,Street,Yes,Medium,3.6,205.3,3,1,91.0,20,7.363058952173422,1172.161762117209,0,95252.0
882,Supermarket,CBD,No,Medium,0.7,370.6,7,2,140.0,37,,1478.811183013783,0,134177.0
883,Hypermarket,Mall,No,Small,4.2,74.5,1,1,182.0,61,,748.9442647650654,1,92858.0
884,Supermarket,Residential,Yes,Medium,6.0,213.1,1,0,108.0,42,22.24263962257101,1131.961189444557,0,102998.0
885,Supermarket,Street,Yes,Medium,8.7,260.3,6,2,209.0,62,51.21137152950336,,0,185516.0
886,Supermarket,CBD,Yes,Small,9.1,150.7,1,3,193.0,60,26.197963364513168,731.5222562790022,0,127063.0
887,Kiosk,Street,No,Small,3.0,55.5,1,2,116.0,34,,1320.9199506429125,2,41743.0
888,Hypermarket,Street,No,Medium,2.4,255.2,5,0,88.0,36,,1171.0126182666381,0,123132.0
889,Hypermarket,Residential,Yes,Large,6.8,375.6,7,1,109.0,27,24.480975340260507,1337.942403608044,1,257050.0
890,Convenience,Residential,No,Small,2.8,120.6,5,0,100.0,42,,614.730660227086,0,47406.0
891,Convenience,Residential,No,Large,9.7,317.4,5,0,196.0,64,,1353.8779391685503,1,204419.0
892,Hypermarket,Mall,No,Small,4.6,75.3,1,0,98.0,32,,1210.3640194937384,0,101299.0
893,Supermarket,Street,Yes,Small,2.6,154.3,3,1,217.0,75,61.06882320919303,1012.0060675133162,1,127733.0
894,Hypermarket,Residential,No,Large,13.6,375.0,9,0,95.0,31,,1478.389143119231,1,129605.0
895,Supermarket,Residential,No,Medium,1.1,224.3,4,5,133.0,44,,1108.9553843432493,0,1759621.0
896,Convenience,Residential,No,Small,6.4,95.6,3,2,238.0,69,,1008.6132340775646,4,66165.0
897,Supermarket,Street,Yes,Small,6.2,94.6,3,0,295.0,79,38.76299766403249,1153.8749914068856,1,96161.0
898,Hypermarket,Residential,No,Medium,2.7,414.3,8,1,251.0,67,,365.46315894730867,0,95062.0
899,Convenience,Mall,No,Medium,10.5,186.2,6,1,148.0,37,,837.4368390600185,1,145405.0
900,Convenience,CBD,No,Large,7.0,295.0,10,0,364.0,116,,404.6909040340663,0,163804.0
